auprc,auroc,brier,calibration_intercept,calibration_method,calibration_slope,calibration_status,ece_10_bin,ece_10_bin_equal_freq,fallback_reason,heldout_fold,label_policy,log_loss,n_calibration,n_fit,n_test,split_name,target,test_negative_count,test_positive_count
0.8890045934044944,0.9911530697066857,0.014835827401007516,0.5115828933243183,C0_raw_hgb_w2,0.0658345726291263,raw,0.008613095029558183,0.0038472769139719382,,0,all_rows,0.052327131103983154,572,2411,844,condition_fold,event_within_1_checkup,802,42
0.8890045934044944,0.9911530697066857,0.01721414930315464,0.600634775988002,C1_platt_logistic,0.11507483713331534,calibrated,0.012868792500457462,0.01777014410460559,,0,all_rows,0.06124653278446684,572,2411,844,condition_fold,event_within_1_checkup,802,42
0.8752748448161469,0.988837430233939,0.01902519087019021,0.32731280990855227,C2_isotonic,0.024445246873762684,calibrated,0.010957535080203341,0.014955223606317115,,0,all_rows,0.06233249653844222,572,2411,844,condition_fold,event_within_1_checkup,802,42
0.8661552901877707,0.9800672430355427,0.020667739445308614,0.46756350266972607,C0_raw_hgb_w2,0.0675812454668839,raw,0.01577476579581415,0.0028608684882582077,,0,verified_only,0.07353104399108189,423,1274,736,condition_fold,event_within_1_checkup,694,42
0.8661552901877707,0.9800672430355427,0.0205148602686804,0.4213848254175854,C1_platt_logistic,0.0936893173660719,calibrated,0.02442014060302597,0.018238501418656832,,0,verified_only,0.07731189562336857,423,1274,736,condition_fold,event_within_1_checkup,694,42
0.8354744888778874,0.9561033347056401,0.02116186056558294,0.2799789394940683,C2_isotonic,0.021881661082465646,calibrated,0.01220958024201648,0.017644112850712133,,0,verified_only,0.1000412128522997,423,1274,736,condition_fold,event_within_1_checkup,694,42
0.8686184109242759,0.9748668546365915,0.03544525365993967,0.45208561483878373,C0_raw_hgb_w2,0.06910755335875443,raw,0.029914392608614948,0.015912298037295623,,0,all_rows,0.11819214227679688,921,2062,844,condition_fold,event_within_2_checkups,760,84
0.8686184109242759,0.9748668546365915,0.03272421146157134,0.49375221909009637,C1_platt_logistic,0.08279063809997388,calibrated,0.021456303561041917,0.005510887774051791,,0,all_rows,0.1139624362630473,921,2062,844,condition_fold,event_within_2_checkups,760,84
0.8522274205001785,0.9606986215538847,0.035806300344406135,0.4089919396580931,C2_isotonic,0.030585858695018498,calibrated,0.028345416960756514,0.01869786084224726,,0,all_rows,0.14614915181766608,921,2062,844,condition_fold,event_within_2_checkups,760,84
0.8915371166272683,0.9772768770084721,0.03138101600473262,0.4918813092541763,C0_raw_hgb_w2,0.07937768759488333,raw,0.02041194411353142,0.013736004355285074,,0,verified_only,0.119132713594482,521,1176,736,condition_fold,event_within_2_checkups,652,84
0.8915371166272683,0.9772768770084721,0.03152616362465901,0.560771357361159,C1_platt_logistic,0.11001618277733684,calibrated,0.01252836171828176,0.016278853176576062,,0,verified_only,0.11582531272407551,521,1176,736,condition_fold,event_within_2_checkups,652,84
0.8831401024925616,0.9606430762489044,0.033305350014891585,0.4373780462871559,C2_isotonic,0.032018917199722705,calibrated,0.01681605445482564,0.009821197999273482,,0,verified_only,0.1758560449217688,521,1176,736,condition_fold,event_within_2_checkups,652,84
0.8889131604667989,0.9720945757997218,0.04668142543859129,0.5363652775056069,C0_raw_hgb_w2,0.07856264681558908,raw,0.035835820997905776,0.018860181105991844,,0,all_rows,0.16399843854649782,751,2232,844,condition_fold,event_within_3_checkups,719,125
0.8889131604667989,0.9720945757997218,0.04535926329748871,0.5744151498562515,C1_platt_logistic,0.10456940110576377,calibrated,0.03160238214282244,0.02612531402130472,,0,all_rows,0.15534866820280904,751,2232,844,condition_fold,event_within_3_checkups,719,125
0.8809926870185211,0.9633546592489569,0.044020251530743966,0.45424655905644584,C2_isotonic,0.03355319128776069,calibrated,0.02641148609313865,0.022770855686177698,,0,all_rows,0.18693217965628692,751,2232,844,condition_fold,event_within_3_checkups,719,125
0.8868475684193708,0.9665335515548281,0.05540206581426781,0.5451667125214102,C0_raw_hgb_w2,0.08503288169221865,raw,0.05243014568429666,0.02416363113827045,,0,verified_only,0.1974849766348134,305,1392,736,condition_fold,event_within_3_checkups,611,125
0.8868475684193708,0.9665335515548281,0.05379366068024942,0.4558467011823624,C1_platt_logistic,0.10785889836650006,calibrated,0.031182822799853176,0.028271009497698483,,0,verified_only,0.17880919785341778,305,1392,736,condition_fold,event_within_3_checkups,611,125
0.8636303135190733,0.9453617021276596,0.053866598573480966,0.4482553468693102,C2_isotonic,0.032319801431908816,calibrated,0.031212769574140813,0.027952747835010373,,0,verified_only,0.30530800568744787,305,1392,736,condition_fold,event_within_3_checkups,611,125
0.8488199325890896,0.9937489332650623,0.012822759626101089,0.5059436620038168,C0_raw_hgb_w2,0.06535171692519377,raw,0.010014099529962774,0.004812350465998476,,1,all_rows,0.0410167512481055,732,2230,865,condition_fold,event_within_1_checkup,837,28
0.8488199325890896,0.9937489332650623,0.012545488576462786,0.5554112093128639,C1_platt_logistic,0.09732473723606806,calibrated,0.010405600988207909,0.010576322897310272,,1,all_rows,0.0416853344838182,732,2230,865,condition_fold,event_within_1_checkup,837,28
0.854428297727783,0.9938769414575866,0.014369743285951343,0.15675448765834035,C2_isotonic,0.013453157328727842,calibrated,0.014414896609449635,0.011806812815777204,,1,all_rows,0.04638389401874296,732,2230,865,condition_fold,event_within_1_checkup,837,28
0.8686162250977433,0.9864982578397212,0.02306250413959075,0.5345644999752631,C0_raw_hgb_w2,0.07565867495423681,raw,0.01707176949030738,0.013015649704024695,,1,verified_only,0.0852569619884121,562,1433,438,condition_fold,event_within_1_checkup,410,28
0.8686162250977433,0.9864982578397212,0.023376868812370076,0.5258943011187535,C1_platt_logistic,0.06624712476603072,calibrated,0.018912676857043308,0.011760959856825959,,1,verified_only,0.08996586413135808,562,1433,438,condition_fold,event_within_1_checkup,410,28
0.7754884956833824,0.9035278745644599,0.024049040397356978,0.46456106879008013,C2_isotonic,0.032808850535729545,calibrated,0.01682790698182959,0.01226297090877023,,1,verified_only,0.21839338361204186,562,1433,438,condition_fold,event_within_1_checkup,410,28
0.8481849161353278,0.981668285361116,0.024734176132387344,0.4937688433110542,C0_raw_hgb_w2,0.07064768074460491,raw,0.01788963724516371,0.00844542368583465,,1,all_rows,0.09161397648986291,827,2135,865,condition_fold,event_within_2_checkups,809,56
0.8481849161353278,0.981668285361116,0.023818320213443548,0.5772789377859407,C1_platt_logistic,0.10689359610444311,calibrated,0.01585129932336152,0.016749228936270434,,1,all_rows,0.08736917977791266,827,2135,865,condition_fold,event_within_2_checkups,809,56
0.8399415898087204,0.9812157866855024,0.02442243139554535,0.37595675014574903,C2_isotonic,0.028379514022282636,calibrated,0.012701723541488205,0.011862261660017075,,1,all_rows,0.0818900876110991,827,2135,865,condition_fold,event_within_2_checkups,809,56
0.8222415148340848,0.9412163425579656,0.052327082803946295,0.47469737518467325,C0_raw_hgb_w2,0.07206478507377224,raw,0.039769568509362224,0.027838573203266603,,1,verified_only,0.20666425513858983,498,1497,438,condition_fold,event_within_2_checkups,382,56
0.8222415148340848,0.9412163425579656,0.04827532296546824,0.5545959336635431,C1_platt_logistic,0.13827029298905816,calibrated,0.020395361035667785,0.023656714097293932,,1,verified_only,0.17619222098406034,498,1497,438,condition_fold,event_within_2_checkups,382,56
0.8231342795264877,0.9451196709050113,0.049204955062808725,0.29280021226064723,C2_isotonic,0.02716640121253107,calibrated,0.02043449224765519,0.027915694381570627,,1,verified_only,0.16942947652860574,498,1497,438,condition_fold,event_within_2_checkups,382,56
0.8792847389684959,0.9755212270093222,0.028371509915168833,0.5031464645353841,C0_raw_hgb_w2,0.07723173497636346,raw,0.017994389994796172,0.014190864978881827,,1,all_rows,0.10774437240203856,791,2171,865,condition_fold,event_within_3_checkups,784,81
0.8792847389684959,0.9755212270093222,0.028727407504503966,0.5713050148119825,C1_platt_logistic,0.09396367047936302,calibrated,0.02004675910924203,0.019213746335806803,,1,all_rows,0.10953304821689999,791,2171,865,condition_fold,event_within_3_checkups,784,81
0.8411661269863008,0.9352875409423028,0.029715210587078576,0.5621207917397301,C2_isotonic,0.03998330158298535,calibrated,0.0221017184962909,0.021320242930143708,,1,all_rows,0.2032422378572654,791,2171,865,condition_fold,event_within_3_checkups,784,81
0.8660355839396695,0.9544904381505689,0.06207966777728736,0.5387678952122493,C0_raw_hgb_w2,0.0892657089727186,raw,0.04410781915214857,0.03680989462859319,,1,verified_only,0.22599939363057212,541,1454,438,condition_fold,event_within_3_checkups,357,81
0.8660355839396695,0.9544904381505689,0.06497356917400215,0.6246889267673377,C1_platt_logistic,0.1254227304499379,calibrated,0.049334132262640114,0.05513636464567971,,1,verified_only,0.22714674804557558,541,1454,438,condition_fold,event_within_3_checkups,357,81
0.8488702655791183,0.9317875298267455,0.06730013059363602,0.5187769969187886,C2_isotonic,0.03695821714450676,calibrated,0.055062564026892684,0.05307771193239198,,1,verified_only,0.3530493728227988,541,1454,438,condition_fold,event_within_3_checkups,357,81
0.7804357369475702,0.9889319534902306,0.017863205066357878,0.3600252274905714,C0_raw_hgb_w2,0.04773145362314074,raw,0.017746019825573032,0.013990841205542734,,2,all_rows,0.06189081602565094,872,2063,892,condition_fold,event_within_1_checkup,863,29
0.7804357369475702,0.9889319534902306,0.014115082985418166,0.4121809955896443,C1_platt_logistic,0.06507742436347036,calibrated,0.009257379162712282,0.0062511261624301345,,2,all_rows,0.04874060814422805,872,2063,892,condition_fold,event_within_1_checkup,863,29
0.7160744743482453,0.954069604826787,0.01846494387245042,0.36355748946376343,C2_isotonic,0.0262427535749764,calibrated,0.014938737875482949,0.014224376177441461,,2,all_rows,0.1140337385470945,872,2063,892,condition_fold,event_within_1_checkup,863,29
0.7339431450994918,0.9733802932263085,0.041036347803907414,0.33150539576450966,C0_raw_hgb_w2,0.048910452732157085,raw,0.04078076540369218,0.03556358052918745,,2,verified_only,0.14035701804191156,475,1508,450,condition_fold,event_within_1_checkup,421,29
0.7339431450994918,0.9733802932263085,0.03027576199890222,0.40341487919764707,C1_platt_logistic,0.08610905313563579,calibrated,0.02710968604508287,0.018587878513911492,,2,verified_only,0.10375933206677675,475,1508,450,condition_fold,event_within_1_checkup,421,29
0.7483356773944775,0.9700221148333197,0.03300613233124321,0.22758809983059058,C2_isotonic,0.018915684714853404,calibrated,0.030791278318600644,0.02678434398029514,,2,verified_only,0.1042314037690144,475,1508,450,condition_fold,event_within_1_checkup,421,29
0.6825840739898072,0.9850119904076738,0.02590767337629819,0.4163392711010807,C0_raw_hgb_w2,0.06050368433030858,raw,0.02794883071122188,0.01788006210022402,,2,all_rows,0.10012339912752675,928,2007,892,condition_fold,event_within_2_checkups,834,58
0.6825840739898072,0.9850119904076738,0.02377619524033861,0.47925914596007824,C1_platt_logistic,0.10503954715107258,calibrated,0.029408991268592536,0.014475256936570443,,2,all_rows,0.08260232479848358,928,2007,892,condition_fold,event_within_2_checkups,834,58
0.8321250983850599,0.985921607541553,0.023943885603994925,0.27237434604846456,C2_isotonic,0.02134055090293707,calibrated,0.020101406029351385,0.00965487545310188,,2,all_rows,0.07829687363102249,928,2007,892,condition_fold,event_within_2_checkups,834,58
0.9374124485003366,0.9886303659394793,0.036529802588213166,0.4394800574085509,C0_raw_hgb_w2,0.07626225573944172,raw,0.036651275210776546,0.036052086169077416,,2,verified_only,0.11216564416212667,599,1384,450,condition_fold,event_within_2_checkups,392,58
0.9374124485003366,0.9886303659394793,0.030482589239710284,0.5027348870585271,C1_platt_logistic,0.10690124379938536,calibrated,0.033465935548995865,0.023813475899904252,,2,verified_only,0.10557924383247848,599,1384,450,condition_fold,event_within_2_checkups,392,58
0.93300160516881,0.9859254046446164,0.03209535661127195,0.42438253318262603,C2_isotonic,0.03251681778599053,calibrated,0.02877102571034031,0.01868634356831545,,2,verified_only,0.10428713725163266,599,1384,450,condition_fold,event_within_2_checkups,392,58
0.8579363867741292,0.9815682461103253,0.03720129380140866,0.4862698810834003,C0_raw_hgb_w2,0.07224778183983606,raw,0.029096420743520562,0.029631838840743704,,2,all_rows,0.11478724544466554,699,2236,892,condition_fold,event_within_3_checkups,808,84
0.8579363867741292,0.9815682461103253,0.034312199922439085,0.48537504097187845,C1_platt_logistic,0.10559465024579077,calibrated,0.034118321560172936,0.025804310359417132,,2,all_rows,0.10922640985900356,699,2236,892,condition_fold,event_within_3_checkups,808,84
0.8775344457707381,0.9813988095238095,0.031609101478186304,0.39651998515007136,C2_isotonic,0.029521080931284013,calibrated,0.01687801176653491,0.011384581725914325,,2,all_rows,0.14253977564753317,699,2236,892,condition_fold,event_within_3_checkups,808,84
0.9236817472397585,0.9729703356752537,0.046810621309884115,0.48942266539526347,C0_raw_hgb_w2,0.08351485399724232,raw,0.030289443190465094,0.021266788317670857,,2,verified_only,0.1584821388644687,543,1440,450,condition_fold,event_within_3_checkups,366,84
0.9236817472397585,0.9729703356752537,0.050982404605642066,0.45175009525732046,C1_platt_logistic,0.11523505469106281,calibrated,0.049436378385218985,0.04158450832270312,,2,verified_only,0.17005837470200197,543,1440,450,condition_fold,event_within_3_checkups,366,84
0.9226611263487705,0.9714415820973198,0.050218685510380064,0.36972607323753703,C2_isotonic,0.030850715253161163,calibrated,0.04440436670449034,0.04105484585927188,,2,verified_only,0.1835376952406653,543,1440,450,condition_fold,event_within_3_checkups,366,84
0.6801732297813676,0.8134987149402167,0.040552165875473896,0.5034806236921596,C0_raw_hgb_w2,0.06198848171289904,raw,0.03854208037800746,0.021277284096898257,,3,all_rows,0.21614333766036017,924,2394,509,condition_fold,event_within_1_checkup,471,38
0.6801732297813676,0.8134987149402167,0.03990153543671975,0.49909541112423084,C1_platt_logistic,0.08111606084506479,calibrated,0.037500700720763856,0.019910963685900954,,3,all_rows,0.17736472925929525,924,2394,509,condition_fold,event_within_1_checkup,471,38
0.6369433002491488,0.8219912839423399,0.041666254188022354,0.23210501004716058,C2_isotonic,0.022409767516403542,calibrated,0.035539794894065446,0.026156949436351155,,3,all_rows,0.2798201797975553,924,2394,509,condition_fold,event_within_1_checkup,471,38
0.7615171739591877,0.9503353973168215,0.05709954793818816,0.5278031685775808,C0_raw_hgb_w2,0.07042528932018402,raw,0.056291921598996646,0.0342928720599489,,3,verified_only,0.23246900991946937,595,1494,344,condition_fold,event_within_1_checkup,306,38
0.7615171739591877,0.9503353973168215,0.05662097873462856,0.5242962058440337,C1_platt_logistic,0.08053848559295995,calibrated,0.05191669318527888,0.031326596259108136,,3,verified_only,0.21354216396409978,595,1494,344,condition_fold,event_within_1_checkup,306,38
0.7051046600079972,0.843266253869969,0.06376523642798208,0.4877206294484445,C2_isotonic,0.032919722713778785,calibrated,0.05110325954959554,0.04039010560089276,,3,verified_only,0.5046994490834985,595,1494,344,condition_fold,event_within_1_checkup,306,38
0.8036754363842175,0.9559833475142823,0.06745187585592144,0.5403383940374368,C0_raw_hgb_w2,0.07449253808882185,raw,0.05282325004371759,0.03500484669792338,,3,all_rows,0.23412779560624047,941,2377,509,condition_fold,event_within_2_checkups,433,76
0.8036754363842175,0.9559833475142823,0.06477996500544021,0.5980837772846003,C1_platt_logistic,0.11214089858304606,calibrated,0.053311266078900174,0.04244779942919877,,3,all_rows,0.21211441471500012,941,2377,509,condition_fold,event_within_2_checkups,433,76
0.7678871815037769,0.9407286981888903,0.06998448084838331,0.3635569828741004,C2_isotonic,0.029774836432311408,calibrated,0.051316085740320636,0.04426768844449462,,3,all_rows,0.2781361677302508,941,2377,509,condition_fold,event_within_2_checkups,433,76
0.8548103050790672,0.9428760801256874,0.08206451480246095,0.5330365730144121,C0_raw_hgb_w2,0.07776936363831255,raw,0.058015421602945046,0.05160624442963102,,3,verified_only,0.3022835174318845,519,1570,344,condition_fold,event_within_2_checkups,268,76
0.8548103050790672,0.9428760801256874,0.08129267421705527,0.5750110242888047,C1_platt_logistic,0.06839034905888394,calibrated,0.05760764477001241,0.053596734920634714,,3,verified_only,0.3398321805939734,519,1570,344,condition_fold,event_within_2_checkups,268,76
0.8022661796883568,0.881578947368421,0.08273775095119608,0.4767731131561707,C2_isotonic,0.031109122568236898,calibrated,0.05528969040867532,0.05348470628946067,,3,verified_only,0.749795688347743,519,1570,344,condition_fold,event_within_2_checkups,268,76
0.808075537892238,0.9349481376709099,0.09373042572428372,0.5419196369548742,C0_raw_hgb_w2,0.07767976278145668,raw,0.0848085228795775,0.07280636302673664,,3,all_rows,0.32790240794703124,1038,2280,509,condition_fold,event_within_3_checkups,404,105
0.808075537892238,0.9349481376709099,0.0929243833566498,0.579926404891546,C1_platt_logistic,0.08773218259783473,calibrated,0.07802790569921891,0.06378005085330743,,3,all_rows,0.3254045690860504,1038,2280,509,condition_fold,event_within_3_checkups,404,105
0.8068268498904745,0.9344177274870344,0.09204534348351301,0.4983917533799316,C2_isotonic,0.03752813081104586,calibrated,0.0699981924104675,0.06839378594170192,,3,all_rows,0.32163327019447857,1038,2280,509,condition_fold,event_within_3_checkups,404,105
0.8848907166116451,0.9439131301055987,0.1028201760883144,0.5596775065640716,C0_raw_hgb_w2,0.08613417419098464,raw,0.08994099703493584,0.07086640453366906,,3,verified_only,0.3342658391441094,511,1578,344,condition_fold,event_within_3_checkups,239,105
0.8848907166116451,0.9439131301055987,0.10317120024853993,0.6075252637153612,C1_platt_logistic,0.1050962843124898,calibrated,0.09317527030878271,0.06768842370878798,,3,verified_only,0.3305569669074272,511,1578,344,condition_fold,event_within_3_checkups,239,105
0.8780454139300156,0.9331141661685595,0.1060294872316864,0.5482576355151338,C2_isotonic,0.03895352484021463,calibrated,0.09383681654665577,0.07908162889078366,,3,verified_only,0.40762202555184074,511,1578,344,condition_fold,event_within_3_checkups,239,105
0.6940921665612912,0.9810327949094468,0.025774123679846262,0.4659940867705141,C0_raw_hgb_w2,0.06090367499735414,raw,0.02482918557677238,0.008808246010441695,,4,all_rows,0.09114273731134391,868,2242,717,condition_fold,event_within_1_checkup,681,36
0.6940921665612912,0.9810327949094468,0.024262208222000863,0.5195849475924026,C1_platt_logistic,0.11173413557111257,calibrated,0.02128671790150718,0.017123475076978513,,4,all_rows,0.08347760964316878,868,2242,717,condition_fold,event_within_1_checkup,681,36
0.7258769500130836,0.9781775167237722,0.0265748132481073,0.3068832501583452,C2_isotonic,0.04785294574920273,calibrated,0.01709701861374169,0.0180268187067217,,4,all_rows,0.08817089895288775,868,2242,717,condition_fold,event_within_1_checkup,681,36
0.9192991929925264,0.9919709919709919,0.02423290379601295,0.4849670408507839,C0_raw_hgb_w2,0.07122972139522463,raw,0.03249217693023474,0.020480379970007387,,4,verified_only,0.07580531382729915,542,1426,465,condition_fold,event_within_1_checkup,429,36
0.9192991929925264,0.9919709919709919,0.022707019779138003,0.38558331641560517,C1_platt_logistic,0.07555870561039696,calibrated,0.03716369916636841,0.027812270103894796,,4,verified_only,0.08258304959001266,542,1426,465,condition_fold,event_within_1_checkup,429,36
0.8680809006275038,0.985949235949236,0.03567594413458466,0.33292336119275745,C2_isotonic,0.02519228682549669,calibrated,0.042929477056667095,0.04292942544376389,,4,verified_only,0.1109917640168192,542,1426,465,condition_fold,event_within_1_checkup,429,36
0.8258834508926753,0.97692721791559,0.03541304999112099,0.4612412972748875,C0_raw_hgb_w2,0.06720213373064186,raw,0.022484155974439465,0.011114522673302932,,4,all_rows,0.11410438445688231,829,2281,717,condition_fold,event_within_2_checkups,645,72
0.8258834508926753,0.97692721791559,0.03820107429062236,0.42840351363287377,C1_platt_logistic,0.07283798376782458,calibrated,0.03064230648539475,0.02565575883096973,,4,all_rows,0.1218582995502973,829,2281,717,condition_fold,event_within_2_checkups,645,72
0.8261117540023177,0.976894918173988,0.03853699618266462,0.3753341528655435,C2_isotonic,0.028229582936525978,calibrated,0.027964480861851562,0.02213919273287409,,4,all_rows,0.1652115439362685,829,2281,717,condition_fold,event_within_2_checkups,645,72
0.8094450328030445,0.9500636132315522,0.06600253222461011,0.4674966363787418,C0_raw_hgb_w2,0.07590375004830839,raw,0.03881913711906804,0.03743574824161397,,4,verified_only,0.20269986233617168,385,1583,465,condition_fold,event_within_2_checkups,393,72
0.8094450328030445,0.9500636132315522,0.06281653691567335,0.47053912559060707,C1_platt_logistic,0.11333709904279962,calibrated,0.05712609429316405,0.025850045702874313,,4,verified_only,0.19800897432960993,385,1583,465,condition_fold,event_within_2_checkups,393,72
0.8288313868420103,0.9435432569974554,0.06353636919683327,0.31987625524327806,C2_isotonic,0.02788429905048389,calibrated,0.05081791707540788,0.028716573380926393,,4,verified_only,0.19970774466207586,385,1583,465,condition_fold,event_within_2_checkups,393,72
0.7151968637131735,0.9623255205779477,0.05838579415096787,0.4485084971777672,C0_raw_hgb_w2,0.06747321413859995,raw,0.0398409748185634,0.03537829959965715,,4,all_rows,0.19693845577910635,854,2256,717,condition_fold,event_within_3_checkups,618,99
0.7151968637131735,0.9623255205779477,0.054876319039208456,0.5332611008576286,C1_platt_logistic,0.11415374799826795,calibrated,0.021316064354432555,0.021084885564044357,,4,all_rows,0.17358565350055835,854,2256,717,condition_fold,event_within_3_checkups,618,99
0.8110133782253774,0.963020169330849,0.05254631601727672,0.500762942123377,C2_isotonic,0.03677111709598485,calibrated,0.012420361129727784,0.008765284902151192,,4,all_rows,0.15800201060209418,854,2256,717,condition_fold,event_within_3_checkups,618,99
0.7955640123741808,0.9288513550808633,0.13116340208193156,0.3798153396348173,C0_raw_hgb_w2,0.0671824530411505,raw,0.12233675342583675,0.12196384943489047,,4,verified_only,0.40579916764980645,563,1405,465,condition_fold,event_within_3_checkups,366,99
0.7955640123741808,0.9288513550808633,0.09280949932443217,0.48445733617730397,C1_platt_logistic,0.09957318750567343,calibrated,0.05999141411092469,0.054415856003313834,,4,verified_only,0.28196526266384586,563,1405,465,condition_fold,event_within_3_checkups,366,99
0.7846644534804005,0.9249599823370315,0.09155078996342755,0.4506546860849606,C2_isotonic,0.033806510514845345,calibrated,0.0514655116962722,0.051380325844851346,,4,verified_only,0.2694150939140465,563,1405,465,condition_fold,event_within_3_checkups,366,99
0.83052530536243,0.9779751804904016,0.021483428060360292,0.5893910808333661,C0_raw_hgb_w2,0.07557421809762885,raw,0.019842928716455408,0.019343140145161877,,1,all_rows,0.10402727913560994,826,2259,742,temperature_holdout_fold,event_within_1_checkup,699,43
0.83052530536243,0.9779751804904016,0.021330065977687288,0.5837560656067173,C1_platt_logistic,0.08433852843275859,calibrated,0.01962604399322787,0.018675432449220195,,1,all_rows,0.09581605936576514,826,2259,742,temperature_holdout_fold,event_within_1_checkup,699,43
0.7770525866226418,0.8987257543999734,0.020874609788998744,0.48028218645497855,C2_isotonic,0.03421206784413609,calibrated,0.017087322663669864,0.015401751825274413,,1,all_rows,0.18174716277700062,826,2259,742,temperature_holdout_fold,event_within_1_checkup,699,43
0.8012045685809299,0.9605102106551568,0.04575406209827233,0.5798697789911217,C0_raw_hgb_w2,0.07782546863266185,raw,0.044908076964556426,0.0314808390738797,,1,verified_only,0.2108564879731974,617,1412,404,temperature_holdout_fold,event_within_1_checkup,361,43
0.8012045685809299,0.9605102106551568,0.046472559900735705,0.6640321180612204,C1_platt_logistic,0.12947026320507185,calibrated,0.03667761282458567,0.04338782514081846,,1,verified_only,0.17724003141116157,617,1412,404,temperature_holdout_fold,event_within_1_checkup,361,43
0.7779551411144577,0.9486890420666109,0.05042002141215742,0.32425501320208683,C2_isotonic,0.026854704985897065,calibrated,0.042941512753823664,0.030614241719446465,,1,verified_only,0.23085593602539237,617,1412,404,temperature_holdout_fold,event_within_1_checkup,361,43
0.8965281137375943,0.9850131168462848,0.03994303238266332,0.6063882476133211,C0_raw_hgb_w2,0.08417107264714938,raw,0.035757644355459625,0.02743190461407998,,1,all_rows,0.14386437589182707,891,2194,742,temperature_holdout_fold,event_within_2_checkups,656,86
0.8965281137375943,0.9850131168462848,0.038131388984446575,0.6359348000295911,C1_platt_logistic,0.11782743511027746,calibrated,0.0326822577842923,0.03282878390029758,,1,all_rows,0.12852654334752325,891,2194,742,temperature_holdout_fold,event_within_2_checkups,656,86
0.8714868646630933,0.960091108905275,0.034152417654434476,0.6838834452752451,C2_isotonic,0.04904707732645132,calibrated,0.026131123082256458,0.0259504420912334,,1,all_rows,0.17603973265333467,891,2194,742,temperature_holdout_fold,event_within_2_checkups,656,86
0.9106762159913842,0.9706742723416704,0.06806076707521874,0.6398706679736476,C0_raw_hgb_w2,0.09511453189281509,raw,0.06460779506449783,0.061005702054730666,,1,verified_only,0.24081403869617835,547,1482,404,temperature_holdout_fold,event_within_2_checkups,318,86
0.9106762159913842,0.9706742723416704,0.06468075097481961,0.6358522919239697,C1_platt_logistic,0.12137978786055123,calibrated,0.05770791982841435,0.059494508789311396,,1,verified_only,0.21351660265079417,547,1482,404,temperature_holdout_fold,event_within_2_checkups,318,86
0.8937322459843848,0.9555726195699868,0.06809988207443433,0.34521324055129554,C2_isotonic,0.0540021713164641,calibrated,0.06134147890633318,0.06459632338082437,,1,verified_only,0.2660484168900464,547,1482,404,temperature_holdout_fold,event_within_2_checkups,318,86
0.8119859936249814,0.9772364217252396,0.05390582379988776,0.5696926561076504,C0_raw_hgb_w2,0.07955437712209351,raw,0.04869600195248762,0.045298551689051045,,1,all_rows,0.20659224945035198,803,2282,742,temperature_holdout_fold,event_within_3_checkups,626,116
0.8119859936249814,0.9772364217252396,0.051942164932639805,0.6136661188819594,C1_platt_logistic,0.1363661929002864,calibrated,0.03544160588684948,0.04378041489088453,,1,all_rows,0.1697858727379659,803,2282,742,temperature_holdout_fold,event_within_3_checkups,626,116
0.8619977540538717,0.9704059711358378,0.0473820396815243,0.6663319356932045,C2_isotonic,0.04799928620629061,calibrated,0.0359354997275728,0.02949594058451374,,1,all_rows,0.16870192175502138,803,2282,742,temperature_holdout_fold,event_within_3_checkups,626,116
0.9432249780167705,0.9755298132183908,0.06855717317547975,0.6242775266091736,C0_raw_hgb_w2,0.10009275196353719,raw,0.06588051767071394,0.061125573711652205,,1,verified_only,0.2259076242288363,504,1525,404,temperature_holdout_fold,event_within_3_checkups,288,116
0.9432249780167705,0.9755298132183908,0.07910274203977147,0.6902687132978593,C1_platt_logistic,0.1097081435876771,calibrated,0.091964392077522,0.08783592078894908,,1,verified_only,0.26286412560882577,504,1525,404,temperature_holdout_fold,event_within_3_checkups,288,116
0.9090927305965406,0.9223838601532567,0.07973473956843698,0.5872942832304346,C2_isotonic,0.037617641871323666,calibrated,0.09112360223120267,0.08864915668664822,,1,verified_only,0.6355900915116119,504,1525,404,temperature_holdout_fold,event_within_3_checkups,288,116
0.6780225410958463,0.9450735783927815,0.02657718413730485,0.4455820029929184,C0_raw_hgb_w2,0.057912877174159716,raw,0.02132243742227226,0.009374834297959895,,2,all_rows,0.11077685716922502,808,1959,1060,temperature_holdout_fold,event_within_1_checkup,1011,49
0.6780225410958463,0.9450735783927815,0.02677512909861526,0.4557466722153529,C1_platt_logistic,0.05572811804348094,calibrated,0.02422494715854021,0.011144126086041425,,2,all_rows,0.11558806742925176,808,1959,1060,temperature_holdout_fold,event_within_1_checkup,1011,49
0.5315749145053801,0.8178203031954622,0.028997666916318627,0.40594144430557594,C2_isotonic,0.028113618520486206,calibrated,0.023600083984759292,0.023600976437589488,,2,all_rows,0.30976661747895384,808,1959,1060,temperature_holdout_fold,event_within_1_checkup,1011,49
0.6226542522520633,0.9289801026793696,0.03353685360399236,0.37643885538278404,C0_raw_hgb_w2,0.054087784050918956,raw,0.027824189169742924,0.02079278083871755,,2,verified_only,0.13702212628402852,435,1150,848,temperature_holdout_fold,event_within_1_checkup,799,49
0.6226542522520633,0.9289801026793696,0.03325393116531278,0.3599463745355735,C1_platt_logistic,0.07967644424534112,calibrated,0.02283275555286778,0.023639273700959713,,2,verified_only,0.12441609174250484,435,1150,848,temperature_holdout_fold,event_within_1_checkup,799,49
0.545593011160338,0.8983423156496642,0.04177884086333439,0.18100633362797014,C2_isotonic,0.015213697907258187,calibrated,0.031530990864909625,0.030204102618845832,,2,verified_only,0.3885352725341017,435,1150,848,temperature_holdout_fold,event_within_1_checkup,799,49
0.7975406165589527,0.9417455131740846,0.043711083446265876,0.455359901224687,C0_raw_hgb_w2,0.06526414617228668,raw,0.03984172057499334,0.036065351855167474,,2,all_rows,0.18629219887717471,1029,1738,1060,temperature_holdout_fold,event_within_2_checkups,962,98
0.7975406165589527,0.9417455131740846,0.04079495764195122,0.47044947496540873,C1_platt_logistic,0.09324383261167815,calibrated,0.03211476933741518,0.027351973569144306,,2,all_rows,0.1546620164965396,1029,1738,1060,temperature_holdout_fold,event_within_2_checkups,962,98
0.7231010946742532,0.8993009885867028,0.04509245138158786,0.36154870984241316,C2_isotonic,0.026196037308077846,calibrated,0.03781013778337529,0.03781086797205453,,2,all_rows,0.28641069967422217,1029,1738,1060,temperature_holdout_fold,event_within_2_checkups,962,98
0.7850667887750344,0.9212448979591836,0.05038141875937367,0.43799865464686244,C0_raw_hgb_w2,0.06804510729922174,raw,0.0409080566830103,0.044516619503880875,,2,verified_only,0.21240521081150338,348,1237,848,temperature_holdout_fold,event_within_2_checkups,750,98
0.7850667887750344,0.9212448979591836,0.047516054340657206,0.46712937828945506,C1_platt_logistic,0.09122072345442557,calibrated,0.027736171542434417,0.03150791008753851,,2,verified_only,0.18633099069263662,348,1237,848,temperature_holdout_fold,event_within_2_checkups,750,98
0.7374254386356447,0.9042789115646258,0.0488766315838153,0.3829812933262162,C2_isotonic,0.0277367346652848,calibrated,0.038187054060381975,0.040035836402405676,,2,verified_only,0.3439339119636057,348,1237,848,temperature_holdout_fold,event_within_2_checkups,750,98
0.7731414418767717,0.9303671085082444,0.07196861127636249,0.4394970315487664,C0_raw_hgb_w2,0.06313478993657087,raw,0.05977985949701472,0.059228529133489166,,2,all_rows,0.2907244355747217,782,1985,1060,temperature_holdout_fold,event_within_3_checkups,913,147
0.7731414418767717,0.9303671085082444,0.06642953958302293,0.4792791250886602,C1_platt_logistic,0.06722024855429873,calibrated,0.050105722325994875,0.04522571441698379,,2,all_rows,0.2778678503596937,782,1985,1060,temperature_holdout_fold,event_within_3_checkups,913,147
0.6343953240107737,0.8707222209803965,0.0675589953861523,0.39466613752008384,C2_isotonic,0.027040949302145696,calibrated,0.05157913897994252,0.0525231352063576,,2,all_rows,0.6211167090063834,782,1985,1060,temperature_holdout_fold,event_within_3_checkups,913,147
0.8171370277513648,0.9397313847079488,0.09324134511557296,0.39312642399060066,C0_raw_hgb_w2,0.06607795015841303,raw,0.09362408590907131,0.09075030122998562,,2,verified_only,0.32474633568928485,262,1323,848,temperature_holdout_fold,event_within_3_checkups,701,147
0.8171370277513648,0.9397313847079488,0.06920279739590172,0.49200563468017433,C1_platt_logistic,0.10914995376795128,calibrated,0.03977570259811379,0.047213251665748086,,2,verified_only,0.23398272837854348,262,1323,848,temperature_holdout_fold,event_within_3_checkups,701,147
0.8141962838528546,0.9327345774258348,0.06895717231766758,0.3857809520485156,C2_isotonic,0.03254182058404604,calibrated,0.043165146951236855,0.04418537252304106,,2,verified_only,0.2409964292923469,262,1323,848,temperature_holdout_fold,event_within_3_checkups,701,147
0.7224843201128492,0.870875,0.11699626806986771,0.6820678066777218,C0_raw_hgb_w2,0.0832479775830868,raw,0.11546953763568354,0.1119539640964868,,1,all_rows,0.5987919781077131,872,2798,157,c_rate_holdout_fold,event_within_1_checkup,125,32
0.7224843201128492,0.870875,0.10907354265807366,0.6771476603823288,C1_platt_logistic,0.12603446711120658,calibrated,0.11252530689875827,0.09837704597729498,,1,all_rows,0.4248860856932428,872,2798,157,c_rate_holdout_fold,event_within_1_checkup,125,32
0.7384518475131484,0.80175,0.11234572919061589,0.4179609781324911,C2_isotonic,0.04761044599859651,calibrated,0.11680230755897922,0.10569916235879041,,1,all_rows,0.6235214820628769,872,2798,157,c_rate_holdout_fold,event_within_1_checkup,125,32
0.8680339653378636,0.9521821120689655,0.09860770189900418,0.6820708254195336,C0_raw_hgb_w2,0.09227011971096152,raw,0.10852897410453863,0.09045357711132482,,1,verified_only,0.38823105298529337,530,1755,148,c_rate_holdout_fold,event_within_1_checkup,116,32
0.8680339653378636,0.9521821120689655,0.10934457415140614,0.6829197111635645,C1_platt_logistic,0.053386173594068186,calibrated,0.12117773101736695,0.10123197577528546,,1,verified_only,0.6227263142664125,530,1755,148,c_rate_holdout_fold,event_within_1_checkup,116,32
0.7865091264664327,0.8257004310344828,0.11741045784635085,0.5176504360607508,C2_isotonic,0.030672685414388667,calibrated,0.12252437927762039,0.11802050990825104,,1,verified_only,1.2199117154270303,530,1755,148,c_rate_holdout_fold,event_within_1_checkup,116,32
0.8611590196361489,0.9009576612903226,0.18079578184814912,0.6602053987910478,C0_raw_hgb_w2,0.0864109235578358,raw,0.16785721455292102,0.1572099917826036,,1,all_rows,0.6045888432260523,734,2936,157,c_rate_holdout_fold,event_within_2_checkups,93,64
0.8611590196361489,0.9009576612903226,0.16783579547636832,0.6769749428198062,C1_platt_logistic,0.12794840853138187,calibrated,0.15076289787805283,0.14913984858619217,,1,all_rows,0.5091112583378032,734,2936,157,c_rate_holdout_fold,event_within_2_checkups,93,64
0.8662796398509275,0.8931451612903226,0.1683915311643417,0.528805336840568,C2_isotonic,0.0390361629402652,calibrated,0.14409385785776085,0.15432280755610034,,1,all_rows,0.4908096874794291,734,2936,157,c_rate_holdout_fold,event_within_2_checkups,93,64
0.9328123901810527,0.9425223214285714,0.19020474618902627,0.7765943306655363,C0_raw_hgb_w2,0.1032704888589097,raw,0.2176558522793442,0.21615676791844995,,1,verified_only,0.7189916416208157,506,1779,148,c_rate_holdout_fold,event_within_2_checkups,84,64
0.9328123901810527,0.9425223214285714,0.16915762667057843,0.7581504997462958,C1_platt_logistic,0.15076093499523388,calibrated,0.19778535600623118,0.1990595628495359,,1,verified_only,0.5315759835072831,506,1779,148,c_rate_holdout_fold,event_within_2_checkups,84,64
0.9358026299127667,0.9353608630952381,0.16105838394509456,0.648015665085659,C2_isotonic,0.046463258178853835,calibrated,0.18239026243977657,0.18239065433166848,,1,verified_only,0.545909168657973,506,1779,148,c_rate_holdout_fold,event_within_2_checkups,84,64
0.9554034661488473,0.9534902597402597,0.19857988330169699,0.783396017665746,C0_raw_hgb_w2,0.09597384678109952,raw,0.22219366705627183,0.2224488226813815,,1,all_rows,0.7417147527465154,924,2746,157,c_rate_holdout_fold,event_within_3_checkups,77,80
0.9554034661488473,0.9534902597402597,0.17422226542707955,0.7651182044011631,C1_platt_logistic,0.1381140400309081,calibrated,0.20880068551384554,0.2114074987234083,,1,all_rows,0.5521668408093752,924,2746,157,c_rate_holdout_fold,event_within_3_checkups,77,80
0.948225784226325,0.9479707792207792,0.1639164964776939,0.5641520761388193,C2_isotonic,0.03662144963588266,calibrated,0.1923542463309766,0.1864872522618792,,1,all_rows,0.5448113278785098,924,2746,157,c_rate_holdout_fold,event_within_3_checkups,77,80
0.9482219467401644,0.9368566176470589,0.19089152335609744,0.7449330008650479,C0_raw_hgb_w2,0.09243779732401021,raw,0.21482725717168824,0.21525983207417188,,1,verified_only,0.7393782538405475,494,1791,148,c_rate_holdout_fold,event_within_3_checkups,68,80
0.9482219467401644,0.9368566176470589,0.14870398029862691,0.675888107295041,C1_platt_logistic,0.1507809990108388,calibrated,0.16765283380513704,0.1761848376349144,,1,verified_only,0.4606612634705411,494,1791,148,c_rate_holdout_fold,event_within_3_checkups,68,80
0.9631161899183134,0.9419117647058823,0.14779461320951823,0.6243686520962505,C2_isotonic,0.042179379776151785,calibrated,0.15902059982604072,0.1590208025287434,,1,verified_only,0.49937285374110757,494,1791,148,c_rate_holdout_fold,event_within_3_checkups,68,80
0.6854338098599051,0.9498952513966481,0.036228805898009024,0.3640770689327098,C0_raw_hgb_w2,0.04704603283444173,raw,0.036505997576934235,0.024244153246403253,,1,all_rows,0.13776580135288816,753,2322,752,profile_holdout_fold,event_within_1_checkup,716,36
0.6854338098599051,0.9498952513966481,0.035561048162238235,0.34309319040628744,C1_platt_logistic,0.0615778419827983,calibrated,0.03169519004070957,0.027425976571740365,,1,all_rows,0.12319159157080599,753,2322,752,profile_holdout_fold,event_within_1_checkup,716,36
0.49506725741374336,0.9360451582867784,0.03812975389595084,0.2746484942008368,C2_isotonic,0.019822956035226637,calibrated,0.037592830704532565,0.03470314414422549,,1,all_rows,0.35796265279880796,753,2322,752,profile_holdout_fold,event_within_1_checkup,716,36
0.6940680090820198,0.9629694289261328,0.04012018558149606,0.35983298312999595,C0_raw_hgb_w2,0.048661396136270414,raw,0.040871810763464994,0.03200651602753747,,1,verified_only,0.1501364878474681,359,1322,752,profile_holdout_fold,event_within_1_checkup,716,36
0.6940680090820198,0.9629694289261328,0.041902719613545636,0.3016791649130471,C1_platt_logistic,0.059571648290168415,calibrated,0.04074311884431506,0.04062629934210827,,1,verified_only,0.1581938589080874,359,1322,752,profile_holdout_fold,event_within_1_checkup,716,36
0.45519891239135807,0.9421360955927995,0.04713587090158336,0.22240726249388099,C2_isotonic,0.01651099848717164,calibrated,0.045926596299633304,0.04258843236997719,,1,verified_only,0.546022760363834,359,1322,752,profile_holdout_fold,event_within_1_checkup,716,36
0.7025677252317749,0.9022569444444445,0.05578700148855946,0.37271545707722187,C0_raw_hgb_w2,0.0679610376094524,raw,0.049299824895990996,0.04776394603996929,,1,all_rows,0.21219442955200357,856,2219,752,profile_holdout_fold,event_within_2_checkups,680,72
0.7025677252317749,0.9022569444444445,0.04537773985294682,0.45662680216607854,C1_platt_logistic,0.07657647376352904,calibrated,0.029707242151718202,0.021420158340518802,,1,all_rows,0.18115080407563394,856,2219,752,profile_holdout_fold,event_within_2_checkups,680,72
0.6857199964684985,0.9003063725490196,0.045137137624746006,0.48414419674622455,C2_isotonic,0.03407265680872887,calibrated,0.02308602812724274,0.021825760927719647,,1,all_rows,0.2923208769695606,856,2219,752,profile_holdout_fold,event_within_2_checkups,680,72
0.7801704988639694,0.9597324346405228,0.059082959885784735,0.37941419714579905,C0_raw_hgb_w2,0.057416432000546795,raw,0.05925448800441406,0.05190776073408452,,1,verified_only,0.23847605345405565,280,1401,752,profile_holdout_fold,event_within_2_checkups,680,72
0.7801704988639694,0.9597324346405228,0.06627020187672357,0.31587517429973816,C1_platt_logistic,0.07365455070148283,calibrated,0.061993919257174776,0.06892519130537542,,1,verified_only,0.24364256663786835,280,1401,752,profile_holdout_fold,event_within_2_checkups,680,72
0.6051423377642331,0.9188010620915033,0.07068501113048119,0.30391240652007667,C2_isotonic,0.022187177996817117,calibrated,0.07469137033864931,0.0746035183882947,,1,verified_only,0.6158537067113191,280,1401,752,profile_holdout_fold,event_within_2_checkups,680,72
0.6645705008668166,0.8079925810904072,0.0733299981695832,0.43299619017528984,C0_raw_hgb_w2,0.07124269477183437,raw,0.046872932180703916,0.05656160158668936,,1,all_rows,0.33886907579445064,643,2432,752,profile_holdout_fold,event_within_3_checkups,644,108
0.6645705008668166,0.8079925810904072,0.07521001229591649,0.41571764744136874,C1_platt_logistic,0.10759210350860514,calibrated,0.0353492123319652,0.0712822093710281,,1,all_rows,0.2959268672849735,643,2432,752,profile_holdout_fold,event_within_3_checkups,644,108
0.682330679056513,0.8171583850931677,0.07324405201055086,0.23581146094646066,C2_isotonic,0.01704088019559898,calibrated,0.026665886171325752,0.060631635668718896,,1,all_rows,0.4610933345664462,643,2432,752,profile_holdout_fold,event_within_3_checkups,644,108
0.7579263562367756,0.9524744076374512,0.07141509447597864,0.41183788538769944,C0_raw_hgb_w2,0.06920818272193736,raw,0.06517283145415759,0.06555400469073867,,1,verified_only,0.2723789930909265,349,1332,752,profile_holdout_fold,event_within_3_checkups,644,108
0.7579263562367756,0.9524744076374512,0.07945412063778114,0.3261729139456936,C1_platt_logistic,0.08572348159719853,calibrated,0.08535523285117945,0.0777765607163706,,1,verified_only,0.29031644923518546,349,1332,752,profile_holdout_fold,event_within_3_checkups,644,108
0.7067557260952814,0.9352067517828387,0.0743280210839369,0.3751185596052866,C2_isotonic,0.027107556254061013,calibrated,0.07443274028972158,0.07443340252376413,,1,verified_only,0.5184517097103784,349,1332,752,profile_holdout_fold,event_within_3_checkups,644,108
0.8460285487309509,0.981704679959938,0.03660323586892742,0.3992026996386624,C0_raw_hgb_w2,0.05520142101885499,raw,0.038229871345201276,0.036239337244604014,,1,all_rows,0.12047006841203439,693,2004,1130,voltage_window_holdout_fold,event_within_1_checkup,1046,84
0.8460285487309509,0.981704679959938,0.027552477182647646,0.44910118569610114,C1_platt_logistic,0.07697998142670512,calibrated,0.018618873024286345,0.019415453527259083,,1,all_rows,0.09182150052437361,693,2004,1130,voltage_window_holdout_fold,event_within_1_checkup,1046,84
0.8669690307541893,0.978148046981699,0.03259959619314687,0.24489990431247416,C2_isotonic,0.02410426964976398,calibrated,0.02776768953735876,0.029182122901680457,,1,all_rows,0.12168698360304306,693,2004,1130,voltage_window_holdout_fold,event_within_1_checkup,1046,84
0.7591514077199955,0.9577870345078758,0.05465456901949449,0.3707428112272855,C0_raw_hgb_w2,0.05176809530588306,raw,0.053166304933359484,0.04183788045476006,,1,verified_only,0.17731882706270893,351,952,1130,voltage_window_holdout_fold,event_within_1_checkup,1046,84
0.7591514077199955,0.9577870345078758,0.04657057396644749,0.3983824001767293,C1_platt_logistic,0.06415054195160277,calibrated,0.040107876210899444,0.0315140226740788,,1,verified_only,0.14314548081597706,351,952,1130,voltage_window_holdout_fold,event_within_1_checkup,1046,84
0.7473023885923606,0.956483884184649,0.043766440631857896,0.4090756571116244,C2_isotonic,0.029692830884144462,calibrated,0.03799861932738931,0.033373020617556516,,1,verified_only,0.1623851111869059,351,952,1130,voltage_window_holdout_fold,event_within_1_checkup,1046,84
0.7937855897571476,0.9290447727947728,0.06849032851027635,0.5038616945620387,C0_raw_hgb_w2,0.07425481362240101,raw,0.05994117586126331,0.05116090869405357,,1,all_rows,0.2594102012107447,725,1972,1130,voltage_window_holdout_fold,event_within_2_checkups,962,168
0.7937855897571476,0.9290447727947728,0.06372223893200467,0.4148300016997981,C1_platt_logistic,0.08959929465881768,calibrated,0.04545767838387646,0.035150493359018056,,1,all_rows,0.22742114297753513,725,1972,1130,voltage_window_holdout_fold,event_within_2_checkups,962,168
0.8072512957298063,0.9138204138204138,0.06610584413824096,0.29208198899368176,C2_isotonic,0.024021478359818375,calibrated,0.07767380799069398,0.07861008677267864,,1,all_rows,0.37282441310756836,725,1972,1130,voltage_window_holdout_fold,event_within_2_checkups,962,168
0.8347347808214964,0.9644434956934957,0.06741998761129926,0.5083283275696509,C0_raw_hgb_w2,0.07444337479184948,raw,0.0650311657451894,0.047417910514073305,,1,verified_only,0.24370937821952152,248,1055,1130,voltage_window_holdout_fold,event_within_2_checkups,962,168
0.8347347808214964,0.9644434956934957,0.06381006279333637,0.38385901300998837,C1_platt_logistic,0.08043910860415934,calibrated,0.0460167932511201,0.044213590679333725,,1,verified_only,0.23115527775643008,248,1055,1130,voltage_window_holdout_fold,event_within_2_checkups,962,168
0.825353084521272,0.9456613206613207,0.06245972166045341,0.40423639378893683,C2_isotonic,0.02926982365417945,calibrated,0.046753623730994245,0.04556577026905996,,1,verified_only,0.4112936882242838,248,1055,1130,voltage_window_holdout_fold,event_within_2_checkups,962,168
0.8159937134929233,0.9295127125651457,0.09740452625669048,0.5208340418321793,C0_raw_hgb_w2,0.06937651900097136,raw,0.09222365012336167,0.08887035183094338,,1,all_rows,0.4123865287449363,563,2134,1130,voltage_window_holdout_fold,event_within_3_checkups,893,237
0.8159937134929233,0.9295127125651457,0.09223390563409187,0.49476826567050053,C1_platt_logistic,0.09625788890475305,calibrated,0.07788636845599277,0.07402660677673326,,1,all_rows,0.32334667906768705,563,2134,1130,voltage_window_holdout_fold,event_within_3_checkups,893,237
0.7953501852367163,0.8876044811733076,0.09059099723736945,0.4577007254427712,C2_isotonic,0.029967237450362314,calibrated,0.07782533087180968,0.07442913944325695,,1,all_rows,0.7793015397911056,563,2134,1130,voltage_window_holdout_fold,event_within_3_checkups,893,237
0.851129767410048,0.9488993153500503,0.08948946315691415,0.5461061526417064,C0_raw_hgb_w2,0.07867823567647528,raw,0.08465750274224397,0.07240853361964895,,1,verified_only,0.37748406105268106,380,923,1130,voltage_window_holdout_fold,event_within_3_checkups,893,237
0.851129767410048,0.9488993153500503,0.0815370409048324,0.5894808180632636,C1_platt_logistic,0.12911989306930244,calibrated,0.056166246315293926,0.05185494997791641,,1,verified_only,0.2858104653512716,380,923,1130,voltage_window_holdout_fold,event_within_3_checkups,893,237
0.8298929489921208,0.8985286404808142,0.08272929056355123,0.4775604596591765,C2_isotonic,0.03127940529092566,calibrated,0.06978068642868647,0.06887850922143093,,1,verified_only,0.7295005460769592,380,923,1130,voltage_window_holdout_fold,event_within_3_checkups,893,237
0.6233822940417021,0.9279297411032842,0.039315780037897485,0.5361796263162395,C0_raw_hgb_w2,0.06678194057274026,raw,0.03535066309869517,0.029911072887330775,,2,all_rows,0.1864421114326796,577,1879,1371,voltage_window_holdout_fold,event_within_1_checkup,1286,85
0.6233822940417021,0.9279297411032842,0.03814257330938685,0.5537000480588555,C1_platt_logistic,0.10075359017138212,calibrated,0.026808703779397935,0.02998896162478154,,2,all_rows,0.14691093203499103,577,1879,1371,voltage_window_holdout_fold,event_within_1_checkup,1286,85
0.6147366303715638,0.8485042539566371,0.03790699612027806,0.5363600344639867,C2_isotonic,0.03753410027409682,calibrated,0.03111363983506663,0.03071073036643504,,2,all_rows,0.2927475394291101,577,1879,1371,voltage_window_holdout_fold,event_within_1_checkup,1286,85
0.7576845560229198,0.9476864163386873,0.03394001057768066,0.4731929682448956,C0_raw_hgb_w2,0.06887351680411653,raw,0.026294355527195,0.028680627878946485,,2,verified_only,0.13682613259918527,353,889,1191,voltage_window_holdout_fold,event_within_1_checkup,1106,85
0.7576845560229198,0.9476864163386873,0.032904116558011016,0.4669044484222468,C1_platt_logistic,0.10777400053852468,calibrated,0.01723291828183976,0.03071608680544166,,2,verified_only,0.12413989413475851,353,889,1191,voltage_window_holdout_fold,event_within_1_checkup,1106,85
0.6743469287249986,0.9307360919051165,0.03728884986861401,0.2158520483236995,C2_isotonic,0.018493447860622014,calibrated,0.010466090739923434,0.010789274857264136,,2,verified_only,0.1311841145547081,353,889,1191,voltage_window_holdout_fold,event_within_1_checkup,1106,85
0.6463058377405345,0.8682127638732429,0.0764853687796307,0.524441124634389,C0_raw_hgb_w2,0.07988251212237259,raw,0.06299171537819016,0.0630982685951724,,2,all_rows,0.32360534201070795,536,1920,1371,voltage_window_holdout_fold,event_within_2_checkups,1201,170
0.6463058377405345,0.8682127638732429,0.08387096237822711,0.5479115807325019,C1_platt_logistic,0.043366918989518256,calibrated,0.08327675366954516,0.08197253597841503,,2,all_rows,0.5868289847920518,536,1920,1371,voltage_window_holdout_fold,event_within_2_checkups,1201,170
0.6054408471884838,0.7519640495665377,0.0876817879278952,0.5084161516112626,C2_isotonic,0.03235444723970104,calibrated,0.08610648809808183,0.08490817897971192,,2,all_rows,0.8775939657010837,536,1920,1371,voltage_window_holdout_fold,event_within_2_checkups,1201,170
0.6485476271609029,0.8998991761249063,0.13629560357166837,0.2978417173135268,C0_raw_hgb_w2,0.05281249526222477,raw,0.13432179723869586,0.13785756261305854,,2,verified_only,0.3947260742440115,347,895,1191,voltage_window_holdout_fold,event_within_2_checkups,1021,170
0.6485476271609029,0.8998991761249063,0.10209682377241534,0.3268742391233884,C1_platt_logistic,0.10753135348143007,calibrated,0.11572052223215182,0.10846063545183751,,2,verified_only,0.3120318373587076,347,895,1191,voltage_window_holdout_fold,event_within_2_checkups,1021,170
0.4522729579018774,0.8307772080428646,0.1427527171723509,0.17762417546361692,C2_isotonic,0.017351806334994863,calibrated,0.12849276969010803,0.13088251805960974,,2,verified_only,1.4004799867063396,347,895,1191,voltage_window_holdout_fold,event_within_2_checkups,1021,170
0.6442760411216051,0.8544332475441331,0.11644459431564015,0.6095671152896147,C0_raw_hgb_w2,0.1015431990295252,raw,0.10350188050072673,0.10514875436538078,,2,all_rows,0.44241323157307244,656,1800,1371,voltage_window_holdout_fold,event_within_3_checkups,1126,245
0.6442760411216051,0.8544332475441331,0.13269983548273925,0.6948942758549832,C1_platt_logistic,0.10470532697418414,calibrated,0.13333084176525145,0.13418651217111782,,2,all_rows,0.5302923815566118,656,1800,1371,voltage_window_holdout_fold,event_within_3_checkups,1126,245
0.6131818754934798,0.7424747163519049,0.13743617500076466,0.652806532440253,C2_isotonic,0.040298747012369886,calibrated,0.13990033190964113,0.13905542621144706,,2,all_rows,1.2691064292218222,656,1800,1371,voltage_window_holdout_fold,event_within_3_checkups,1126,245
0.7194182504684459,0.8961578288820814,0.21339493923384556,0.278783149593641,C0_raw_hgb_w2,0.052389677277699595,raw,0.23605832573573554,0.23649139533542138,,2,verified_only,0.7011909400169349,311,931,1191,voltage_window_holdout_fold,event_within_3_checkups,946,245
0.7194182504684459,0.8961578288820814,0.12451139121280813,0.3664973617953202,C1_platt_logistic,0.09852252264296928,calibrated,0.1158546373125545,0.10988747205306496,,2,verified_only,0.3726633474316077,311,931,1191,voltage_window_holdout_fold,event_within_3_checkups,946,245
0.7082538315191427,0.8892350174742202,0.12329700984995645,0.29330900915659697,C2_isotonic,0.025913006684472453,calibrated,0.11035144372177455,0.11266232930546885,,2,verified_only,0.5714943546847315,311,931,1191,voltage_window_holdout_fold,event_within_3_checkups,946,245
0.6291666666666667,0.9962178517397882,0.0022171992807673334,0.19935317706663477,C0_raw_hgb_w2,0.02750363079465536,raw,0.0012852213883274952,0.002739689688613593,,3,all_rows,0.011854757251023536,733,1768,1326,voltage_window_holdout_fold,event_within_1_checkup,1322,4
0.6291666666666667,0.9962178517397882,0.002180706125948814,0.20133912632591955,C1_platt_logistic,0.03392407768112028,calibrated,0.0011097226041340352,0.004123390670224848,,3,all_rows,0.012295830377022955,733,1768,1326,voltage_window_holdout_fold,event_within_1_checkup,1322,4
0.2524842394467883,0.7359114977307111,0.002255214753819672,0.01563826112458535,C2_isotonic,0.0015657277345057785,calibrated,7.245806505510386e-05,0.003940265660294266,,3,all_rows,0.015258280607570895,733,1768,1326,voltage_window_holdout_fold,event_within_1_checkup,1322,4
1.0,1.0,0.019594045710652847,0.7301352714567728,C0_raw_hgb_w2,0.0987764950581687,raw,0.021671805989180688,0.022711616449602526,,3,verified_only,0.059762567873764674,677,1644,112,voltage_window_holdout_fold,event_within_1_checkup,108,4
1.0,1.0,0.0194926156975942,0.7698592386339941,C1_platt_logistic,0.12636414369537008,calibrated,0.020051780371585285,0.02389068466443199,,3,verified_only,0.059063241389839136,677,1644,112,voltage_window_holdout_fold,event_within_1_checkup,108,4
1.0,1.0,0.017978622515278205,0.4386065192107866,C2_isotonic,0.032047710991538844,calibrated,0.018687173767356402,0.018688959481642113,,3,verified_only,0.05395422265632157,677,1644,112,voltage_window_holdout_fold,event_within_1_checkup,108,4
0.5423621207168717,0.9616843702579666,0.003501109821069794,0.4606049470494937,C0_raw_hgb_w2,0.06809510369474775,raw,0.002535638750624907,0.0043145046491312455,,3,all_rows,0.021333301181007173,407,2094,1326,voltage_window_holdout_fold,event_within_2_checkups,1318,8
0.5423621207168717,0.9616843702579666,0.004282594574186214,0.4423484953946585,C1_platt_logistic,0.12787338554153843,calibrated,0.03007150653985762,0.02823794035180699,,3,all_rows,0.04346094509243875,407,2094,1326,voltage_window_holdout_fold,event_within_2_checkups,1318,8
0.5025595345843489,0.7469650986342944,0.0039391558154464115,0.2541954788688495,C2_isotonic,0.018231421326271362,calibrated,0.00629731896123282,0.0014723717515797265,,3,all_rows,0.045592078122942054,407,2094,1326,voltage_window_holdout_fold,event_within_2_checkups,1318,8
0.7162449392712551,0.9567307692307693,0.04876123130121019,0.7665097639801572,C0_raw_hgb_w2,0.1141298658587307,raw,0.049676878040671134,0.05228313726833827,,3,verified_only,0.245097199660784,697,1624,112,voltage_window_holdout_fold,event_within_2_checkups,104,8
0.7162449392712551,0.9567307692307693,0.04228773735521637,0.6679393825647636,C1_platt_logistic,0.15482188024608873,calibrated,0.030849107514364055,0.0566704865861154,,3,verified_only,0.1682772179108414,697,1624,112,voltage_window_holdout_fold,event_within_2_checkups,104,8
0.5791867801490515,0.8125,0.045547877034430806,0.1956716935441254,C2_isotonic,0.021937894785109373,calibrated,0.03737278833404901,0.049880243816906616,,3,verified_only,0.185563771100444,697,1624,112,voltage_window_holdout_fold,event_within_2_checkups,104,8
0.4728487128090917,0.9698122780314561,0.006550372521134967,0.18626624289474342,C0_raw_hgb_w2,0.03208176809527892,raw,0.0011834390940529166,0.00416285032224692,,3,all_rows,0.03129286835962159,701,1800,1326,voltage_window_holdout_fold,event_within_3_checkups,1314,12
0.4728487128090917,0.9698122780314561,0.006551938881004961,0.20530313392126373,C1_platt_logistic,0.03397587611865165,calibrated,0.0018763669255938567,0.004744137741980078,,3,all_rows,0.03118044641066214,701,1800,1326,voltage_window_holdout_fold,event_within_3_checkups,1314,12
0.2511074184656576,0.841990106544901,0.006648611751975322,0.11892829726427455,C2_isotonic,0.008695297191811804,calibrated,0.0024630832423154932,0.0032448349456493473,,3,all_rows,0.05778557414737564,701,1800,1326,voltage_window_holdout_fold,event_within_3_checkups,1314,12
0.767950547950548,0.9470833333333334,0.07044351926361943,0.6849239676473344,C0_raw_hgb_w2,0.10320971452046655,raw,0.0691274722253644,0.07237535338038967,,3,verified_only,0.36410194895737985,660,1661,112,voltage_window_holdout_fold,event_within_3_checkups,100,12
0.767950547950548,0.9470833333333334,0.06769081376127802,0.6970883815505684,C1_platt_logistic,0.15054844795068642,calibrated,0.057874012767640176,0.07729353210233855,,3,verified_only,0.271424291973744,660,1661,112,voltage_window_holdout_fold,event_within_3_checkups,100,12
0.739723802155454,0.9104166666666667,0.060444227850376384,0.37257674240345373,C2_isotonic,0.02744946061363842,calibrated,0.047106219643960535,0.04771810677793176,,3,verified_only,0.2840082056089738,660,1661,112,voltage_window_holdout_fold,event_within_3_checkups,100,12
