target,split_name,heldout_fold,parameter_set,prior_pulse_feature_group,f4_condition_mae,prior_pulse_condition_mae,gain,n_intervals,nominal_temperature_C,voltage_window_family,nominal_charge_C_rate,aging_mode
capacity_Ah_k1,c_rate_holdout_fold,1,20,C_P3_stress_pulse,0.19513838068064926,0.20910165084896706,-0.013963270168317804,6,0.0,approx_0_100,1.67,cyclic
capacity_Ah_k1,c_rate_holdout_fold,1,24,C_P3_stress_pulse,0.15928397797414262,0.15337857295309454,0.005905405021048082,4,0.0,approx_10_100,1.67,cyclic
capacity_Ah_k1,c_rate_holdout_fold,1,28,C_P3_stress_pulse,0.08923072591585769,0.08774148554091624,0.0014892403749414557,9,0.0,approx_10_90,1.67,cyclic
capacity_Ah_k1,c_rate_holdout_fold,1,32,C_P3_stress_pulse,0.25317789858661105,0.22910827484085428,0.024069623745756774,6,10.0,approx_0_100,1.67,cyclic
capacity_Ah_k1,c_rate_holdout_fold,1,36,C_P3_stress_pulse,0.2513625705020563,0.2586140441947962,-0.007251473692739929,6,10.0,approx_10_100,1.67,cyclic
capacity_Ah_k1,c_rate_holdout_fold,1,40,C_P3_stress_pulse,0.05821131241297558,0.043590361044101904,0.014620951368873675,15,10.0,approx_10_90,1.67,cyclic
capacity_Ah_k1,c_rate_holdout_fold,1,44,C_P3_stress_pulse,0.10907281261115583,0.11128699729882396,-0.0022141846876681387,6,25.0,approx_0_100,1.67,cyclic
capacity_Ah_k1,c_rate_holdout_fold,1,48,C_P3_stress_pulse,0.0405808886211231,0.04517573689290484,-0.0045948482717817415,10,25.0,approx_10_100,1.67,cyclic
capacity_Ah_k1,c_rate_holdout_fold,1,52,C_P3_stress_pulse,0.04626987503421024,0.04268283524254689,0.003587039791663353,28,25.0,approx_10_90,1.67,cyclic
capacity_Ah_k1,c_rate_holdout_fold,1,56,C_P3_stress_pulse,0.1285235405104643,0.09366678022620059,0.03485676028426371,13,40.0,approx_0_100,1.67,cyclic
capacity_Ah_k1,c_rate_holdout_fold,1,60,C_P3_stress_pulse,0.14431899874191462,0.13535996473883996,0.008959034003074656,16,40.0,approx_10_100,1.67,cyclic
capacity_Ah_k1,c_rate_holdout_fold,1,64,C_P3_stress_pulse,0.04768625229431954,0.032845546121059506,0.014840706173260033,38,40.0,approx_10_90,1.67,cyclic
capacity_Ah_k1,condition_fold,0,8,C_P2_log_age_pulse,0.002993802257553508,0.0034608505591430198,-0.0004670483015895119,84,10.0,calendar_soc_100,0.0,calendar
capacity_Ah_k1,condition_fold,0,15,C_P2_log_age_pulse,0.015799092741583778,0.015670450734431414,0.00012864200715236376,78,40.0,calendar_soc_90,0.0,calendar
capacity_Ah_k1,condition_fold,0,18,C_P2_log_age_pulse,0.10158600719528497,0.07765105638222074,0.023934950813064237,17,0.0,approx_0_100,0.33,cyclic
capacity_Ah_k1,condition_fold,0,24,C_P2_log_age_pulse,0.09008428006043845,0.08047834296798767,0.009605937092450778,4,0.0,approx_10_100,1.67,cyclic
capacity_Ah_k1,condition_fold,0,30,C_P2_log_age_pulse,0.08294642216399677,0.07226110054789872,0.010685321616098045,25,10.0,approx_0_100,0.33,cyclic
capacity_Ah_k1,condition_fold,0,34,C_P2_log_age_pulse,0.04299889587548841,0.03952629717567175,0.0034725986998166633,44,10.0,approx_10_100,0.33,cyclic
capacity_Ah_k1,condition_fold,0,37,C_P2_log_age_pulse,0.01251435745864963,0.012501683892157403,1.2673566492227631e-05,84,10.0,approx_10_90,0.33,cyclic
capacity_Ah_k1,condition_fold,0,39,C_P2_log_age_pulse,0.06499975453924967,0.06736664916798422,-0.002366894628734559,21,10.0,approx_10_90,1.0,cyclic
capacity_Ah_k1,condition_fold,0,42,C_P2_log_age_pulse,0.051369349239973966,0.06002142067371,-0.008652071433736037,49,25.0,approx_0_100,0.33,cyclic
capacity_Ah_k1,condition_fold,0,61,C_P2_log_age_pulse,0.007077679811528477,0.006774709574562975,0.0003029702369655024,84,40.0,approx_10_90,0.33,cyclic
capacity_Ah_k1,condition_fold,0,65,C_P2_log_age_pulse,0.08301944026485125,0.07418736153668042,0.008832078728170836,55,0.0,approx_0_100,0.0,profile
capacity_Ah_k1,condition_fold,0,68,C_P2_log_age_pulse,0.03368399007168409,0.035133534366597316,-0.0014495442949132228,78,10.0,approx_0_100,0.0,profile
capacity_Ah_k1,condition_fold,0,70,C_P2_log_age_pulse,0.09705034936064133,0.10128396672017566,-0.004233617359534328,18,10.0,approx_0_100,0.0,profile
capacity_Ah_k1,condition_fold,0,72,C_P2_log_age_pulse,0.022382087700611182,0.021279815551924163,0.001102272148687019,84,25.0,approx_0_100,0.0,profile
capacity_Ah_k1,condition_fold,0,73,C_P2_log_age_pulse,0.053070509747361466,0.05260089326087978,0.00046961648648168736,34,25.0,approx_0_100,0.0,profile
capacity_Ah_k1,condition_fold,0,75,C_P2_log_age_pulse,0.019039609333870913,0.013402787388693382,0.00563682194517753,84,40.0,approx_0_100,0.0,profile
capacity_Ah_k1,condition_fold,1,3,C_P2_log_age_pulse,0.005276032550486819,0.0041447409814911965,0.0011312915689956227,84,0.0,calendar_soc_90,0.0,calendar
capacity_Ah_k1,condition_fold,1,5,C_P2_log_age_pulse,0.004663843250803453,0.00480011925217965,-0.00013627600137619718,84,10.0,calendar_soc_10,0.0,calendar
capacity_Ah_k1,condition_fold,1,10,C_P2_log_age_pulse,0.004566331490082141,0.004935089273868495,-0.00036875778378635347,84,25.0,calendar_soc_50,0.0,calendar
capacity_Ah_k1,condition_fold,1,11,C_P2_log_age_pulse,0.004289259939174157,0.004347549903550717,-5.828996437655994e-05,84,25.0,calendar_soc_90,0.0,calendar
capacity_Ah_k1,condition_fold,1,20,C_P2_log_age_pulse,0.07380412419737836,0.08839560732663472,-0.014591483129256358,6,0.0,approx_0_100,1.67,cyclic
capacity_Ah_k1,condition_fold,1,25,C_P2_log_age_pulse,0.01884015227138226,0.016834035888615394,0.0020061163827668656,67,0.0,approx_10_90,0.33,cyclic
capacity_Ah_k1,condition_fold,1,29,C_P2_log_age_pulse,0.052695244608988466,0.05584011734748453,-0.003144872738496063,40,10.0,approx_0_100,0.33,cyclic
capacity_Ah_k1,condition_fold,1,33,C_P2_log_age_pulse,0.01849635337228559,0.01869477098271136,-0.0001984176104257683,67,10.0,approx_10_100,0.33,cyclic
capacity_Ah_k1,condition_fold,1,46,C_P2_log_age_pulse,0.0271518038838276,0.02540560330057361,0.00174620058325399,84,25.0,approx_10_100,0.33,cyclic
capacity_Ah_k1,condition_fold,1,48,C_P2_log_age_pulse,0.07033871589541492,0.07765850884567253,-0.007319792950257614,10,25.0,approx_10_100,1.67,cyclic
capacity_Ah_k1,condition_fold,1,50,C_P2_log_age_pulse,0.007649688905072031,0.008794238821501744,-0.0011445499164297133,84,25.0,approx_10_90,0.33,cyclic
capacity_Ah_k1,condition_fold,1,57,C_P2_log_age_pulse,0.07751679522166086,0.073287842536652,0.004228952685008849,36,40.0,approx_10_100,0.33,cyclic
capacity_Ah_k1,condition_fold,1,58,C_P2_log_age_pulse,0.06625063458611219,0.05930181720577267,0.00694881738033952,38,40.0,approx_10_100,0.33,cyclic
capacity_Ah_k1,condition_fold,1,60,C_P2_log_age_pulse,0.13951238100612554,0.1417115874454677,-0.002199206439342155,16,40.0,approx_10_100,1.67,cyclic
capacity_Ah_k1,condition_fold,1,63,C_P2_log_age_pulse,0.041727731741062354,0.040354659463612254,0.0013730722774501006,81,40.0,approx_10_90,1.0,cyclic
capacity_Ah_k1,condition_fold,2,1,C_P2_log_age_pulse,0.008709650863195195,0.008123913553374475,0.0005857373098207205,84,0.0,calendar_soc_10,0.0,calendar
capacity_Ah_k1,condition_fold,2,6,C_P2_log_age_pulse,0.0062984860042508166,0.006189268135403368,0.00010921786884744884,84,10.0,calendar_soc_50,0.0,calendar
capacity_Ah_k1,condition_fold,2,9,C_P2_log_age_pulse,0.007557262933688033,0.006841612087239112,0.0007156508464489205,84,25.0,calendar_soc_10,0.0,calendar
capacity_Ah_k1,condition_fold,2,13,C_P2_log_age_pulse,0.005388653908210338,0.005208961041853575,0.00017969286635676276,84,40.0,calendar_soc_10,0.0,calendar
capacity_Ah_k1,condition_fold,2,16,C_P2_log_age_pulse,0.010478575418628072,0.012409409039031188,-0.0019308336204031159,78,40.0,calendar_soc_100,0.0,calendar
capacity_Ah_k1,condition_fold,2,17,C_P2_log_age_pulse,0.06108858430698603,0.062200728781305836,-0.001112144474319808,24,0.0,approx_0_100,0.33,cyclic
capacity_Ah_k1,condition_fold,2,21,C_P2_log_age_pulse,0.0255913658654814,0.026598994719024754,-0.001007628853543354,43,0.0,approx_10_100,0.33,cyclic
capacity_Ah_k1,condition_fold,2,26,C_P2_log_age_pulse,0.053685317530499314,0.050838616713025704,0.0028467008174736103,33,0.0,approx_10_90,0.33,cyclic
capacity_Ah_k1,condition_fold,2,27,C_P2_log_age_pulse,0.08190942534892506,0.07903445085408035,0.0028749744948447092,15,0.0,approx_10_90,1.0,cyclic
capacity_Ah_k1,condition_fold,2,32,C_P2_log_age_pulse,0.16931331880149056,0.16912599584762666,0.0001873229538638943,6,10.0,approx_0_100,1.67,cyclic
capacity_Ah_k1,condition_fold,2,49,C_P2_log_age_pulse,0.01764582007650097,0.019003640511909545,-0.0013578204354085764,84,25.0,approx_10_90,0.33,cyclic
capacity_Ah_k1,condition_fold,2,55,C_P2_log_age_pulse,0.06968884129140286,0.07169127219624694,-0.002002430904844074,22,40.0,approx_0_100,1.0,cyclic
capacity_Ah_k1,condition_fold,2,62,C_P2_log_age_pulse,0.014482962790030595,0.01466162461848379,-0.00017866182845319503,84,40.0,approx_10_90,0.33,cyclic
capacity_Ah_k1,condition_fold,2,66,C_P2_log_age_pulse,0.03461320684100251,0.03461659286000264,-3.3860190001289148e-06,84,0.0,approx_0_100,0.0,profile
capacity_Ah_k1,condition_fold,2,76,C_P2_log_age_pulse,0.08218799362172739,0.08359641424726466,-0.0014084206255372683,83,40.0,approx_0_100,0.0,profile
capacity_Ah_k1,condition_fold,3,7,C_P2_log_age_pulse,0.004242911521337954,0.003950801576849614,0.00029210994448833957,84,10.0,calendar_soc_90,0.0,calendar
capacity_Ah_k1,condition_fold,3,12,C_P2_log_age_pulse,0.008655158007968162,0.01067265433129366,-0.002017496323325497,78,25.0,calendar_soc_100,0.0,calendar
capacity_Ah_k1,condition_fold,3,22,C_P2_log_age_pulse,0.07579073925477126,0.07078613589105179,0.005004603363719468,22,0.0,approx_10_100,0.33,cyclic
capacity_Ah_k1,condition_fold,3,28,C_P2_log_age_pulse,0.09068733003679592,0.0827269224741597,0.007960407562636218,9,0.0,approx_10_90,1.67,cyclic
capacity_Ah_k1,condition_fold,3,31,C_P2_log_age_pulse,0.04467555012663538,0.04006878062684257,0.004606769499792808,6,10.0,approx_0_100,1.0,cyclic
capacity_Ah_k1,condition_fold,3,35,C_P2_log_age_pulse,0.10748486511962585,0.10352188410066163,0.003962981018964223,11,10.0,approx_10_100,1.0,cyclic
capacity_Ah_k1,condition_fold,3,36,C_P2_log_age_pulse,0.2261174125800769,0.21506660051818458,0.011050812061892318,6,10.0,approx_10_100,1.67,cyclic
capacity_Ah_k1,condition_fold,3,41,C_P2_log_age_pulse,0.03585170502728281,0.04329941038536662,-0.007447705358083805,56,25.0,approx_0_100,0.33,cyclic
capacity_Ah_k1,condition_fold,3,43,C_P2_log_age_pulse,0.06494622019668349,0.07364526087371764,-0.008699040677034156,12,25.0,approx_0_100,1.0,cyclic
capacity_Ah_k1,condition_fold,3,54,C_P2_log_age_pulse,0.06790987100976328,0.0732656412929221,-0.005355770283158812,46,40.0,approx_0_100,0.33,cyclic
capacity_Ah_k1,condition_fold,3,56,C_P2_log_age_pulse,0.0977763192454709,0.09462510953800715,0.0031512097074637424,13,40.0,approx_0_100,1.67,cyclic
capacity_Ah_k1,condition_fold,3,59,C_P2_log_age_pulse,0.11713310135368547,0.12207539254768432,-0.004942291193998846,19,40.0,approx_10_100,1.0,cyclic
capacity_Ah_k1,condition_fold,3,67,C_P2_log_age_pulse,0.13960340700851606,0.14094640276135267,-0.001342995752836612,15,0.0,approx_0_100,0.0,profile
capacity_Ah_k1,condition_fold,3,71,C_P2_log_age_pulse,0.016442551647489697,0.015424552146680651,0.0010179995008090456,84,25.0,approx_0_100,0.0,profile
capacity_Ah_k1,condition_fold,3,74,C_P2_log_age_pulse,0.061775453193709605,0.0584151410308932,0.0033603121628164034,48,40.0,approx_0_100,0.0,profile
capacity_Ah_k1,condition_fold,4,2,C_P2_log_age_pulse,0.004872069899099491,0.005020262536879356,-0.0001481926377798655,84,0.0,calendar_soc_50,0.0,calendar
capacity_Ah_k1,condition_fold,4,4,C_P2_log_age_pulse,0.005674366090323917,0.0049482855068739414,0.0007260805834499754,84,0.0,calendar_soc_100,0.0,calendar
capacity_Ah_k1,condition_fold,4,14,C_P2_log_age_pulse,0.008006048074574754,0.007035121966951827,0.0009709261076229275,84,40.0,calendar_soc_50,0.0,calendar
capacity_Ah_k1,condition_fold,4,19,C_P2_log_age_pulse,0.13695823240871127,0.14449746659276871,-0.007539234184057442,6,0.0,approx_0_100,1.0,cyclic
capacity_Ah_k1,condition_fold,4,23,C_P2_log_age_pulse,0.23144060317011828,0.24265208913923042,-0.011211485969112145,6,0.0,approx_10_100,1.0,cyclic
capacity_Ah_k1,condition_fold,4,38,C_P2_log_age_pulse,0.02287963641530776,0.023710790482097854,-0.0008311540667900949,60,10.0,approx_10_90,0.33,cyclic
capacity_Ah_k1,condition_fold,4,40,C_P2_log_age_pulse,0.07533253079778482,0.07432722074769084,0.0010053100500939799,15,10.0,approx_10_90,1.67,cyclic
capacity_Ah_k1,condition_fold,4,44,C_P2_log_age_pulse,0.06330490498956783,0.08310655185004097,-0.019801646860473143,6,25.0,approx_0_100,1.67,cyclic
capacity_Ah_k1,condition_fold,4,45,C_P2_log_age_pulse,0.015525122160900587,0.015149526000310418,0.0003755961605901685,84,25.0,approx_10_100,0.33,cyclic
capacity_Ah_k1,condition_fold,4,47,C_P2_log_age_pulse,0.059458369213714925,0.059812407956055816,-0.0003540387423408911,31,25.0,approx_10_100,1.0,cyclic
capacity_Ah_k1,condition_fold,4,51,C_P2_log_age_pulse,0.028433051340203803,0.026915083242891092,0.0015179680973127115,63,25.0,approx_10_90,1.0,cyclic
capacity_Ah_k1,condition_fold,4,52,C_P2_log_age_pulse,0.05827985632543221,0.060429035079234424,-0.0021491787538022167,28,25.0,approx_10_90,1.67,cyclic
capacity_Ah_k1,condition_fold,4,53,C_P2_log_age_pulse,0.06250417790758044,0.05759548573358744,0.004908692173992993,44,40.0,approx_0_100,0.33,cyclic
capacity_Ah_k1,condition_fold,4,64,C_P2_log_age_pulse,0.06023042176562288,0.053206943151791995,0.007023478613830882,38,40.0,approx_10_90,1.67,cyclic
capacity_Ah_k1,condition_fold,4,69,C_P2_log_age_pulse,0.015278275488036825,0.014941117393738653,0.0003371580942981723,84,10.0,approx_0_100,0.0,profile
capacity_Ah_k1,profile_holdout_fold,1,65,C_P0_state_time_pulse,0.1123825881297979,0.10103078247999035,0.011351805649807548,55,0.0,approx_0_100,0.0,profile
capacity_Ah_k1,profile_holdout_fold,1,66,C_P0_state_time_pulse,0.0926139126672301,0.04968242021858627,0.042931492448643825,84,0.0,approx_0_100,0.0,profile
capacity_Ah_k1,profile_holdout_fold,1,67,C_P0_state_time_pulse,0.17718560597321364,0.12639860899981542,0.050786996973398224,15,0.0,approx_0_100,0.0,profile
capacity_Ah_k1,profile_holdout_fold,1,68,C_P0_state_time_pulse,0.07387409807704666,0.06788872884492524,0.005985369232121424,78,10.0,approx_0_100,0.0,profile
capacity_Ah_k1,profile_holdout_fold,1,69,C_P0_state_time_pulse,0.06195782628011829,0.03407664164732605,0.02788118463279224,84,10.0,approx_0_100,0.0,profile
capacity_Ah_k1,profile_holdout_fold,1,70,C_P0_state_time_pulse,0.1400542032931488,0.134486257049371,0.005567946243777794,18,10.0,approx_0_100,0.0,profile
capacity_Ah_k1,profile_holdout_fold,1,71,C_P0_state_time_pulse,0.03876988175079682,0.0196456477316665,0.01912423401913032,84,25.0,approx_0_100,0.0,profile
capacity_Ah_k1,profile_holdout_fold,1,72,C_P0_state_time_pulse,0.045723501012273945,0.02698622974732173,0.018737271264952216,84,25.0,approx_0_100,0.0,profile
capacity_Ah_k1,profile_holdout_fold,1,73,C_P0_state_time_pulse,0.08620544874342978,0.06127652250035903,0.024928926243070748,34,25.0,approx_0_100,0.0,profile
capacity_Ah_k1,profile_holdout_fold,1,74,C_P0_state_time_pulse,0.06334803239655461,0.0707692876341728,-0.007421255237618191,48,40.0,approx_0_100,0.0,profile
capacity_Ah_k1,profile_holdout_fold,1,75,C_P0_state_time_pulse,0.03441494136472424,0.018218486202281038,0.016196455162443203,84,40.0,approx_0_100,0.0,profile
capacity_Ah_k1,profile_holdout_fold,1,76,C_P0_state_time_pulse,0.07347808145397675,0.03166233949068321,0.04181574196329354,83,40.0,approx_0_100,0.0,profile
capacity_Ah_k1,temperature_holdout_fold,1,1,C_P3_stress_pulse,0.0074630723913469196,0.00526266949555335,0.0022004028957935693,84,0.0,calendar_soc_10,0.0,calendar
capacity_Ah_k1,temperature_holdout_fold,1,2,C_P3_stress_pulse,0.005773062770806739,0.00427087675258168,0.0015021860182250595,84,0.0,calendar_soc_50,0.0,calendar
capacity_Ah_k1,temperature_holdout_fold,1,3,C_P3_stress_pulse,0.0039447825355872395,0.0045087380020442476,-0.0005639554664570081,84,0.0,calendar_soc_90,0.0,calendar
capacity_Ah_k1,temperature_holdout_fold,1,4,C_P3_stress_pulse,0.004381554185867355,0.004246593608991685,0.00013496057687566957,84,0.0,calendar_soc_100,0.0,calendar
capacity_Ah_k1,temperature_holdout_fold,1,17,C_P3_stress_pulse,0.05618112027173375,0.05347118432972351,0.0027099359420102373,24,0.0,approx_0_100,0.33,cyclic
capacity_Ah_k1,temperature_holdout_fold,1,18,C_P3_stress_pulse,0.0831333963999941,0.09359305099626637,-0.010459654596272266,17,0.0,approx_0_100,0.33,cyclic
capacity_Ah_k1,temperature_holdout_fold,1,19,C_P3_stress_pulse,0.14378734416705094,0.14580072636592115,-0.002013382198870206,6,0.0,approx_0_100,1.0,cyclic
capacity_Ah_k1,temperature_holdout_fold,1,20,C_P3_stress_pulse,0.12153887314798584,0.09862277141188654,0.0229161017360993,6,0.0,approx_0_100,1.67,cyclic
capacity_Ah_k1,temperature_holdout_fold,1,21,C_P3_stress_pulse,0.02882656058297566,0.0290133663661069,-0.0001868057831312421,43,0.0,approx_10_100,0.33,cyclic
capacity_Ah_k1,temperature_holdout_fold,1,22,C_P3_stress_pulse,0.07986600861865413,0.05657463187125292,0.023291376747401213,22,0.0,approx_10_100,0.33,cyclic
capacity_Ah_k1,temperature_holdout_fold,1,23,C_P3_stress_pulse,0.2809738877419638,0.29211959747461086,-0.011145709732647058,6,0.0,approx_10_100,1.0,cyclic
capacity_Ah_k1,temperature_holdout_fold,1,24,C_P3_stress_pulse,0.12746234618118302,0.043851660681327176,0.08361068549985584,4,0.0,approx_10_100,1.67,cyclic
capacity_Ah_k1,temperature_holdout_fold,1,25,C_P3_stress_pulse,0.021709403656414814,0.01902686562241203,0.002682538034002785,67,0.0,approx_10_90,0.33,cyclic
capacity_Ah_k1,temperature_holdout_fold,1,26,C_P3_stress_pulse,0.053395219577344624,0.03455215557930925,0.018843063998035377,33,0.0,approx_10_90,0.33,cyclic
capacity_Ah_k1,temperature_holdout_fold,1,27,C_P3_stress_pulse,0.07999529200892722,0.08401154076316221,-0.004016248754234994,15,0.0,approx_10_90,1.0,cyclic
capacity_Ah_k1,temperature_holdout_fold,1,28,C_P3_stress_pulse,0.1392507631752731,0.14408221247896336,-0.004831449303690255,9,0.0,approx_10_90,1.67,cyclic
capacity_Ah_k1,temperature_holdout_fold,1,65,C_P3_stress_pulse,0.06179319082887979,0.053105314167112234,0.008687876661767555,55,0.0,approx_0_100,0.0,profile
capacity_Ah_k1,temperature_holdout_fold,1,66,C_P3_stress_pulse,0.021044873999911295,0.02092431780161998,0.00012055619829131475,84,0.0,approx_0_100,0.0,profile
capacity_Ah_k1,temperature_holdout_fold,1,67,C_P3_stress_pulse,0.17259353399695362,0.1580314672230224,0.014562066773931237,15,0.0,approx_0_100,0.0,profile
capacity_Ah_k1,temperature_holdout_fold,2,13,C_P3_stress_pulse,0.01415566198826805,0.007057087055296042,0.0070985749329720085,84,40.0,calendar_soc_10,0.0,calendar
capacity_Ah_k1,temperature_holdout_fold,2,14,C_P3_stress_pulse,0.016992881649981702,0.004419263703010553,0.01257361794697115,84,40.0,calendar_soc_50,0.0,calendar
capacity_Ah_k1,temperature_holdout_fold,2,15,C_P3_stress_pulse,0.025171376900131916,0.03928642026143077,-0.014115043361298853,78,40.0,calendar_soc_90,0.0,calendar
capacity_Ah_k1,temperature_holdout_fold,2,16,C_P3_stress_pulse,0.024925631533600567,0.029575179104513884,-0.004649547570913317,78,40.0,calendar_soc_100,0.0,calendar
capacity_Ah_k1,temperature_holdout_fold,2,53,C_P3_stress_pulse,0.0513118416398372,0.056856676214904915,-0.005544834575067714,44,40.0,approx_0_100,0.33,cyclic
capacity_Ah_k1,temperature_holdout_fold,2,54,C_P3_stress_pulse,0.0644906501841572,0.05668833424261901,0.007802315941538192,46,40.0,approx_0_100,0.33,cyclic
capacity_Ah_k1,temperature_holdout_fold,2,55,C_P3_stress_pulse,0.07756101709750027,0.07803653286934821,-0.00047551577184794247,22,40.0,approx_0_100,1.0,cyclic
capacity_Ah_k1,temperature_holdout_fold,2,56,C_P3_stress_pulse,0.14975356606789403,0.14033760155664568,0.009415964511248348,13,40.0,approx_0_100,1.67,cyclic
capacity_Ah_k1,temperature_holdout_fold,2,57,C_P3_stress_pulse,0.08214770192064441,0.08319863678144412,-0.0010509348607997127,36,40.0,approx_10_100,0.33,cyclic
capacity_Ah_k1,temperature_holdout_fold,2,58,C_P3_stress_pulse,0.06502906926072995,0.053640003128677054,0.011389066132052893,38,40.0,approx_10_100,0.33,cyclic
capacity_Ah_k1,temperature_holdout_fold,2,59,C_P3_stress_pulse,0.13285279445465095,0.11699512681481065,0.015857667639840298,19,40.0,approx_10_100,1.0,cyclic
capacity_Ah_k1,temperature_holdout_fold,2,60,C_P3_stress_pulse,0.13510210064105924,0.13926338337197774,-0.0041612827309185085,16,40.0,approx_10_100,1.67,cyclic
capacity_Ah_k1,temperature_holdout_fold,2,61,C_P3_stress_pulse,0.013175390882616152,0.009691054975496409,0.0034843359071197438,84,40.0,approx_10_90,0.33,cyclic
capacity_Ah_k1,temperature_holdout_fold,2,62,C_P3_stress_pulse,0.03367198423678793,0.008261205851419408,0.025410778385368524,84,40.0,approx_10_90,0.33,cyclic
capacity_Ah_k1,temperature_holdout_fold,2,63,C_P3_stress_pulse,0.04801311673020309,0.040609809643448506,0.0074033070867545805,81,40.0,approx_10_90,1.0,cyclic
capacity_Ah_k1,temperature_holdout_fold,2,64,C_P3_stress_pulse,0.0564568308912638,0.05146414045634756,0.004992690434916236,38,40.0,approx_10_90,1.67,cyclic
capacity_Ah_k1,temperature_holdout_fold,2,74,C_P3_stress_pulse,0.06710717279881469,0.058551110636993774,0.008556062161820914,48,40.0,approx_0_100,0.0,profile
capacity_Ah_k1,temperature_holdout_fold,2,75,C_P3_stress_pulse,0.013919862149566562,0.031496173045469936,-0.017576310895903374,84,40.0,approx_0_100,0.0,profile
capacity_Ah_k1,temperature_holdout_fold,2,76,C_P3_stress_pulse,0.09373090865131462,0.11453082483535051,-0.0207999161840359,83,40.0,approx_0_100,0.0,profile
capacity_Ah_k1,voltage_window_holdout_fold,1,17,C_P2_log_age_pulse,0.14554393595716683,0.1492902144540069,-0.003746278496840061,24,0.0,approx_0_100,0.33,cyclic
capacity_Ah_k1,voltage_window_holdout_fold,1,18,C_P2_log_age_pulse,0.10728264727834189,0.11357138297093627,-0.006288735692594388,17,0.0,approx_0_100,0.33,cyclic
capacity_Ah_k1,voltage_window_holdout_fold,1,19,C_P2_log_age_pulse,0.17599351273135297,0.19092793499338379,-0.014934422262030816,6,0.0,approx_0_100,1.0,cyclic
capacity_Ah_k1,voltage_window_holdout_fold,1,20,C_P2_log_age_pulse,0.165136739795693,0.17984945752133566,-0.014712717725642671,6,0.0,approx_0_100,1.67,cyclic
capacity_Ah_k1,voltage_window_holdout_fold,1,29,C_P2_log_age_pulse,0.1538540771641681,0.14458592432237155,0.00926815284179655,40,10.0,approx_0_100,0.33,cyclic
capacity_Ah_k1,voltage_window_holdout_fold,1,30,C_P2_log_age_pulse,0.10612665013859456,0.09691867883585413,0.009207971302740425,25,10.0,approx_0_100,0.33,cyclic
capacity_Ah_k1,voltage_window_holdout_fold,1,31,C_P2_log_age_pulse,0.11682376933561082,0.1181788929894488,-0.0013551236538379696,6,10.0,approx_0_100,1.0,cyclic
capacity_Ah_k1,voltage_window_holdout_fold,1,32,C_P2_log_age_pulse,0.26476443443333425,0.24949367010781628,0.015270764325517966,6,10.0,approx_0_100,1.67,cyclic
capacity_Ah_k1,voltage_window_holdout_fold,1,41,C_P2_log_age_pulse,0.11055009738411606,0.1412528043076596,-0.030702706923543543,56,25.0,approx_0_100,0.33,cyclic
capacity_Ah_k1,voltage_window_holdout_fold,1,42,C_P2_log_age_pulse,0.11896153132660203,0.15204921232975613,-0.033087681003154096,49,25.0,approx_0_100,0.33,cyclic
capacity_Ah_k1,voltage_window_holdout_fold,1,43,C_P2_log_age_pulse,0.12898124494573607,0.12776468719301945,0.0012165577527166183,12,25.0,approx_0_100,1.0,cyclic
capacity_Ah_k1,voltage_window_holdout_fold,1,44,C_P2_log_age_pulse,0.16578239004351839,0.16479327972098967,0.0009891103225287134,6,25.0,approx_0_100,1.67,cyclic
capacity_Ah_k1,voltage_window_holdout_fold,1,53,C_P2_log_age_pulse,0.12028182886531495,0.12934343571751328,-0.009061606852198326,44,40.0,approx_0_100,0.33,cyclic
capacity_Ah_k1,voltage_window_holdout_fold,1,54,C_P2_log_age_pulse,0.10881041479208699,0.12259101660226132,-0.013780601810174334,46,40.0,approx_0_100,0.33,cyclic
capacity_Ah_k1,voltage_window_holdout_fold,1,55,C_P2_log_age_pulse,0.10683402364016463,0.10335028284789857,0.0034837407922660574,22,40.0,approx_0_100,1.0,cyclic
capacity_Ah_k1,voltage_window_holdout_fold,1,56,C_P2_log_age_pulse,0.10020434269722937,0.09827943744298333,0.0019249052542460454,13,40.0,approx_0_100,1.67,cyclic
capacity_Ah_k1,voltage_window_holdout_fold,1,65,C_P2_log_age_pulse,0.14900858847549814,0.15508313386644823,-0.006074545390950092,55,0.0,approx_0_100,0.0,profile
capacity_Ah_k1,voltage_window_holdout_fold,1,66,C_P2_log_age_pulse,0.06703049045548659,0.07565110037464913,-0.008620609919162539,84,0.0,approx_0_100,0.0,profile
capacity_Ah_k1,voltage_window_holdout_fold,1,67,C_P2_log_age_pulse,0.16025283783510325,0.15054158225807013,0.009711255577033118,15,0.0,approx_0_100,0.0,profile
capacity_Ah_k1,voltage_window_holdout_fold,1,68,C_P2_log_age_pulse,0.0847095711478386,0.08865328247526141,-0.003943711327422814,78,10.0,approx_0_100,0.0,profile
capacity_Ah_k1,voltage_window_holdout_fold,1,69,C_P2_log_age_pulse,0.047282209268141105,0.04372435883521025,0.003557850432930852,84,10.0,approx_0_100,0.0,profile
capacity_Ah_k1,voltage_window_holdout_fold,1,70,C_P2_log_age_pulse,0.11086766546781561,0.1200713131661512,-0.009203647698335593,18,10.0,approx_0_100,0.0,profile
capacity_Ah_k1,voltage_window_holdout_fold,1,71,C_P2_log_age_pulse,0.029288910478302108,0.02708779667800438,0.0022011138002977285,84,25.0,approx_0_100,0.0,profile
capacity_Ah_k1,voltage_window_holdout_fold,1,72,C_P2_log_age_pulse,0.03715760067110402,0.031794271120304834,0.005363329550799184,84,25.0,approx_0_100,0.0,profile
capacity_Ah_k1,voltage_window_holdout_fold,1,73,C_P2_log_age_pulse,0.0844405710162629,0.09289364981625418,-0.008453078799991284,34,25.0,approx_0_100,0.0,profile
capacity_Ah_k1,voltage_window_holdout_fold,1,74,C_P2_log_age_pulse,0.07853295428784328,0.07412875586033592,0.004404198427507361,48,40.0,approx_0_100,0.0,profile
capacity_Ah_k1,voltage_window_holdout_fold,1,75,C_P2_log_age_pulse,0.027955044295546152,0.027208637005976966,0.0007464072895691856,84,40.0,approx_0_100,0.0,profile
capacity_Ah_k1,voltage_window_holdout_fold,1,76,C_P2_log_age_pulse,0.07520560761315713,0.067448605641933,0.007757001971224128,83,40.0,approx_0_100,0.0,profile
capacity_Ah_k1,voltage_window_holdout_fold,2,21,C_P2_log_age_pulse,0.04360798252702619,0.04273353260835415,0.0008744499186720406,43,0.0,approx_10_100,0.33,cyclic
capacity_Ah_k1,voltage_window_holdout_fold,2,22,C_P2_log_age_pulse,0.14199926284667533,0.1377874585326408,0.004211804314034534,22,0.0,approx_10_100,0.33,cyclic
capacity_Ah_k1,voltage_window_holdout_fold,2,23,C_P2_log_age_pulse,0.3345442020426989,0.3035377705591415,0.031006431483557417,6,0.0,approx_10_100,1.0,cyclic
capacity_Ah_k1,voltage_window_holdout_fold,2,24,C_P2_log_age_pulse,0.0393018539798885,0.03695541176704176,0.0023464422128467444,4,0.0,approx_10_100,1.67,cyclic
capacity_Ah_k1,voltage_window_holdout_fold,2,25,C_P2_log_age_pulse,0.04091119380092937,0.042545279443644377,-0.0016340856427150066,67,0.0,approx_10_90,0.33,cyclic
capacity_Ah_k1,voltage_window_holdout_fold,2,26,C_P2_log_age_pulse,0.1019032760074746,0.10315979322319917,-0.0012565172157245619,33,0.0,approx_10_90,0.33,cyclic
capacity_Ah_k1,voltage_window_holdout_fold,2,27,C_P2_log_age_pulse,0.15165822076229615,0.1553628222568453,-0.0037046014945491534,15,0.0,approx_10_90,1.0,cyclic
capacity_Ah_k1,voltage_window_holdout_fold,2,28,C_P2_log_age_pulse,0.2011721326713285,0.17502737962903267,0.026144753042295826,9,0.0,approx_10_90,1.67,cyclic
capacity_Ah_k1,voltage_window_holdout_fold,2,33,C_P2_log_age_pulse,0.03367991875056002,0.03307693723631991,0.0006029815142401113,67,10.0,approx_10_100,0.33,cyclic
capacity_Ah_k1,voltage_window_holdout_fold,2,34,C_P2_log_age_pulse,0.04847562079033323,0.06080461428745603,-0.012328993497122798,44,10.0,approx_10_100,0.33,cyclic
capacity_Ah_k1,voltage_window_holdout_fold,2,35,C_P2_log_age_pulse,0.15239754702545477,0.1620113613737527,-0.009613814348297917,11,10.0,approx_10_100,1.0,cyclic
capacity_Ah_k1,voltage_window_holdout_fold,2,36,C_P2_log_age_pulse,0.37591839673200417,0.37027388147914525,0.005644515252858917,6,10.0,approx_10_100,1.67,cyclic
capacity_Ah_k1,voltage_window_holdout_fold,2,37,C_P2_log_age_pulse,0.023466554124986393,0.02063737928403632,0.0028291748409500737,84,10.0,approx_10_90,0.33,cyclic
capacity_Ah_k1,voltage_window_holdout_fold,2,38,C_P2_log_age_pulse,0.051842305673588086,0.0583469766964056,-0.006504671022817515,60,10.0,approx_10_90,0.33,cyclic
capacity_Ah_k1,voltage_window_holdout_fold,2,39,C_P2_log_age_pulse,0.1378187765308229,0.1517585614075174,-0.013939784876694505,21,10.0,approx_10_90,1.0,cyclic
capacity_Ah_k1,voltage_window_holdout_fold,2,40,C_P2_log_age_pulse,0.13761192565870503,0.1371581092792845,0.00045381637942051856,15,10.0,approx_10_90,1.67,cyclic
capacity_Ah_k1,voltage_window_holdout_fold,2,45,C_P2_log_age_pulse,0.02457490872740988,0.024332978684666974,0.00024193004274290428,84,25.0,approx_10_100,0.33,cyclic
capacity_Ah_k1,voltage_window_holdout_fold,2,46,C_P2_log_age_pulse,0.044356081688257686,0.05090026405549439,-0.006544182367236702,84,25.0,approx_10_100,0.33,cyclic
capacity_Ah_k1,voltage_window_holdout_fold,2,47,C_P2_log_age_pulse,0.08891747439691575,0.09278419355107419,-0.0038667191541584406,31,25.0,approx_10_100,1.0,cyclic
capacity_Ah_k1,voltage_window_holdout_fold,2,48,C_P2_log_age_pulse,0.11679113061760642,0.11417058287018111,0.002620547747425303,10,25.0,approx_10_100,1.67,cyclic
capacity_Ah_k1,voltage_window_holdout_fold,2,49,C_P2_log_age_pulse,0.034597872298651675,0.028502108265649785,0.0060957640330018895,84,25.0,approx_10_90,0.33,cyclic
capacity_Ah_k1,voltage_window_holdout_fold,2,50,C_P2_log_age_pulse,0.037487015157535115,0.04156005043119847,-0.0040730352736633516,84,25.0,approx_10_90,0.33,cyclic
capacity_Ah_k1,voltage_window_holdout_fold,2,51,C_P2_log_age_pulse,0.06806980755254338,0.07457998420426891,-0.006510176651725527,63,25.0,approx_10_90,1.0,cyclic
capacity_Ah_k1,voltage_window_holdout_fold,2,52,C_P2_log_age_pulse,0.11650366385083862,0.1079550277482549,0.008548636102583718,28,25.0,approx_10_90,1.67,cyclic
capacity_Ah_k1,voltage_window_holdout_fold,2,57,C_P2_log_age_pulse,0.0868216101381396,0.08713515935710797,-0.0003135492189683675,36,40.0,approx_10_100,0.33,cyclic
capacity_Ah_k1,voltage_window_holdout_fold,2,58,C_P2_log_age_pulse,0.08672531361437469,0.07911791069600209,0.007607402918372599,38,40.0,approx_10_100,0.33,cyclic
capacity_Ah_k1,voltage_window_holdout_fold,2,59,C_P2_log_age_pulse,0.14478685843820727,0.14039242473846514,0.0043944336997421285,19,40.0,approx_10_100,1.0,cyclic
capacity_Ah_k1,voltage_window_holdout_fold,2,60,C_P2_log_age_pulse,0.1903310851130463,0.18404232395180636,0.006288761161239942,16,40.0,approx_10_100,1.67,cyclic
capacity_Ah_k1,voltage_window_holdout_fold,2,61,C_P2_log_age_pulse,0.02070050050743695,0.019646763916755,0.0010537365906819508,84,40.0,approx_10_90,0.33,cyclic
capacity_Ah_k1,voltage_window_holdout_fold,2,62,C_P2_log_age_pulse,0.019808249132543348,0.023269952735822715,-0.0034617036032793674,84,40.0,approx_10_90,0.33,cyclic
capacity_Ah_k1,voltage_window_holdout_fold,2,63,C_P2_log_age_pulse,0.049185643996234346,0.045139283141053074,0.004046360855181272,81,40.0,approx_10_90,1.0,cyclic
capacity_Ah_k1,voltage_window_holdout_fold,2,64,C_P2_log_age_pulse,0.1084876023984813,0.09982735486095559,0.008660247537525714,38,40.0,approx_10_90,1.67,cyclic
capacity_Ah_k1,voltage_window_holdout_fold,3,1,C_P2_log_age_pulse,0.04349834959308617,0.037721765436108216,0.005776584156977953,84,0.0,calendar_soc_10,0.0,calendar
capacity_Ah_k1,voltage_window_holdout_fold,3,2,C_P2_log_age_pulse,0.048843344496634626,0.03858273494947624,0.010260609547158385,84,0.0,calendar_soc_50,0.0,calendar
capacity_Ah_k1,voltage_window_holdout_fold,3,3,C_P2_log_age_pulse,0.06420023560240692,0.05542981164840689,0.008770423954000031,84,0.0,calendar_soc_90,0.0,calendar
capacity_Ah_k1,voltage_window_holdout_fold,3,4,C_P2_log_age_pulse,0.046943019695623096,0.041213844404001054,0.005729175291622042,84,0.0,calendar_soc_100,0.0,calendar
capacity_Ah_k1,voltage_window_holdout_fold,3,5,C_P2_log_age_pulse,0.03506310250705431,0.031606579839423,0.003456522667631308,84,10.0,calendar_soc_10,0.0,calendar
capacity_Ah_k1,voltage_window_holdout_fold,3,6,C_P2_log_age_pulse,0.042415169122210175,0.032857747848545234,0.009557421273664941,84,10.0,calendar_soc_50,0.0,calendar
capacity_Ah_k1,voltage_window_holdout_fold,3,7,C_P2_log_age_pulse,0.05486205237964806,0.050825866762924034,0.004036185616724024,84,10.0,calendar_soc_90,0.0,calendar
capacity_Ah_k1,voltage_window_holdout_fold,3,8,C_P2_log_age_pulse,0.04331240156047448,0.041336590435722194,0.001975811124752286,84,10.0,calendar_soc_100,0.0,calendar
capacity_Ah_k1,voltage_window_holdout_fold,3,9,C_P2_log_age_pulse,0.030417465741836548,0.028075091540516857,0.0023423742013196913,84,25.0,calendar_soc_10,0.0,calendar
capacity_Ah_k1,voltage_window_holdout_fold,3,10,C_P2_log_age_pulse,0.03377090666473412,0.030618142035521236,0.003152764629212882,84,25.0,calendar_soc_50,0.0,calendar
capacity_Ah_k1,voltage_window_holdout_fold,3,11,C_P2_log_age_pulse,0.04740230689230275,0.04439557938397604,0.003006727508326708,84,25.0,calendar_soc_90,0.0,calendar
capacity_Ah_k1,voltage_window_holdout_fold,3,12,C_P2_log_age_pulse,0.030267329467230156,0.027715525126486427,0.0025518043407437296,78,25.0,calendar_soc_100,0.0,calendar
capacity_Ah_k1,voltage_window_holdout_fold,3,13,C_P2_log_age_pulse,0.027087763368508662,0.021464439152263218,0.005623324216245444,84,40.0,calendar_soc_10,0.0,calendar
capacity_Ah_k1,voltage_window_holdout_fold,3,14,C_P2_log_age_pulse,0.02113139799677257,0.017441090212639964,0.0036903077841326064,84,40.0,calendar_soc_50,0.0,calendar
capacity_Ah_k1,voltage_window_holdout_fold,3,15,C_P2_log_age_pulse,0.04267716933193167,0.0418938199251015,0.0007833494068301694,78,40.0,calendar_soc_90,0.0,calendar
capacity_Ah_k1,voltage_window_holdout_fold,3,16,C_P2_log_age_pulse,0.031056597602349346,0.038937612169794966,-0.00788101456744562,78,40.0,calendar_soc_100,0.0,calendar
delta_capacity_Ah,c_rate_holdout_fold,1,20,C_P3_stress_pulse,0.1867080728061712,0.13367245426458044,0.05303561854159075,6,0.0,approx_0_100,1.67,cyclic
delta_capacity_Ah,c_rate_holdout_fold,1,24,C_P3_stress_pulse,0.1409282106452623,0.14273170001145097,-0.001803489366188682,4,0.0,approx_10_100,1.67,cyclic
delta_capacity_Ah,c_rate_holdout_fold,1,28,C_P3_stress_pulse,0.05095391848033242,0.059313442130788215,-0.008359523650455794,9,0.0,approx_10_90,1.67,cyclic
delta_capacity_Ah,c_rate_holdout_fold,1,32,C_P3_stress_pulse,0.1290789219435964,0.190929897330866,-0.06185097538726958,6,10.0,approx_0_100,1.67,cyclic
delta_capacity_Ah,c_rate_holdout_fold,1,36,C_P3_stress_pulse,0.14689446718425658,0.2090309500228459,-0.06213648283858933,6,10.0,approx_10_100,1.67,cyclic
delta_capacity_Ah,c_rate_holdout_fold,1,40,C_P3_stress_pulse,0.07696474148386914,0.07128656723238785,0.005678174251481288,15,10.0,approx_10_90,1.67,cyclic
delta_capacity_Ah,c_rate_holdout_fold,1,44,C_P3_stress_pulse,0.08700764519028636,0.11451554206615504,-0.027507896875868673,6,25.0,approx_0_100,1.67,cyclic
delta_capacity_Ah,c_rate_holdout_fold,1,48,C_P3_stress_pulse,0.05645733322050095,0.03951909973275762,0.01693823348774333,10,25.0,approx_10_100,1.67,cyclic
delta_capacity_Ah,c_rate_holdout_fold,1,52,C_P3_stress_pulse,0.055822335659217286,0.052931772434126716,0.00289056322509057,28,25.0,approx_10_90,1.67,cyclic
delta_capacity_Ah,c_rate_holdout_fold,1,56,C_P3_stress_pulse,0.06950410552078325,0.06898402105566484,0.0005200844651184061,13,40.0,approx_0_100,1.67,cyclic
delta_capacity_Ah,c_rate_holdout_fold,1,60,C_P3_stress_pulse,0.12083154290513651,0.12684891152821434,-0.0060173686230778345,16,40.0,approx_10_100,1.67,cyclic
delta_capacity_Ah,c_rate_holdout_fold,1,64,C_P3_stress_pulse,0.051665623034041826,0.031960198608168705,0.01970542442587312,38,40.0,approx_10_90,1.67,cyclic
delta_capacity_Ah,condition_fold,0,8,C_P3_stress_pulse,0.001697533547907447,0.002543036885949149,-0.0008455033380417019,84,10.0,calendar_soc_100,0.0,calendar
delta_capacity_Ah,condition_fold,0,15,C_P3_stress_pulse,0.013956548269685353,0.013091650249097508,0.000864898020587845,78,40.0,calendar_soc_90,0.0,calendar
delta_capacity_Ah,condition_fold,0,18,C_P3_stress_pulse,0.08789368232565838,0.07402123538465605,0.013872446941002328,17,0.0,approx_0_100,0.33,cyclic
delta_capacity_Ah,condition_fold,0,24,C_P3_stress_pulse,0.07140780822182673,0.014657387830951843,0.056750420390874884,4,0.0,approx_10_100,1.67,cyclic
delta_capacity_Ah,condition_fold,0,30,C_P3_stress_pulse,0.05273564452822233,0.04060293107458091,0.01213271345364142,25,10.0,approx_0_100,0.33,cyclic
delta_capacity_Ah,condition_fold,0,34,C_P3_stress_pulse,0.039545734140315016,0.03815460465350758,0.0013911294868074325,44,10.0,approx_10_100,0.33,cyclic
delta_capacity_Ah,condition_fold,0,37,C_P3_stress_pulse,0.009646583123100613,0.008350046129723005,0.0012965369933776085,84,10.0,approx_10_90,0.33,cyclic
delta_capacity_Ah,condition_fold,0,39,C_P3_stress_pulse,0.0625384274570558,0.04265902383114654,0.019879403625909266,21,10.0,approx_10_90,1.0,cyclic
delta_capacity_Ah,condition_fold,0,42,C_P3_stress_pulse,0.03306490628152496,0.027913457480936554,0.0051514488005884075,49,25.0,approx_0_100,0.33,cyclic
delta_capacity_Ah,condition_fold,0,61,C_P3_stress_pulse,0.006354540071160135,0.007291726125037754,-0.000937186053877619,84,40.0,approx_10_90,0.33,cyclic
delta_capacity_Ah,condition_fold,0,65,C_P3_stress_pulse,0.055314152841688065,0.06347238755413338,-0.008158234712445318,55,0.0,approx_0_100,0.0,profile
delta_capacity_Ah,condition_fold,0,68,C_P3_stress_pulse,0.02708881158767934,0.029492384539192413,-0.002403572951513073,78,10.0,approx_0_100,0.0,profile
delta_capacity_Ah,condition_fold,0,70,C_P3_stress_pulse,0.09655420082542654,0.1705184113811785,-0.07396421055575195,18,10.0,approx_0_100,0.0,profile
delta_capacity_Ah,condition_fold,0,72,C_P3_stress_pulse,0.01622202807636234,0.017369997136862412,-0.0011479690605000724,84,25.0,approx_0_100,0.0,profile
delta_capacity_Ah,condition_fold,0,73,C_P3_stress_pulse,0.036671674883501926,0.07529722253335938,-0.038625547649857456,34,25.0,approx_0_100,0.0,profile
delta_capacity_Ah,condition_fold,0,75,C_P3_stress_pulse,0.008593371461625279,0.015338505972592367,-0.006745134510967088,84,40.0,approx_0_100,0.0,profile
delta_capacity_Ah,condition_fold,1,3,C_P3_stress_pulse,0.00366782859089313,0.0037349890766997023,-6.716048580657219e-05,84,0.0,calendar_soc_90,0.0,calendar
delta_capacity_Ah,condition_fold,1,5,C_P3_stress_pulse,0.00318737926476519,0.002483956580301577,0.000703422684463613,84,10.0,calendar_soc_10,0.0,calendar
delta_capacity_Ah,condition_fold,1,10,C_P3_stress_pulse,0.0016892751056115294,0.0013111933590510005,0.00037808174656052884,84,25.0,calendar_soc_50,0.0,calendar
delta_capacity_Ah,condition_fold,1,11,C_P3_stress_pulse,0.002415524190102649,0.0022803581950931163,0.0001351659950095327,84,25.0,calendar_soc_90,0.0,calendar
delta_capacity_Ah,condition_fold,1,20,C_P3_stress_pulse,0.18223866137505193,0.1347610215730987,0.04747763980195324,6,0.0,approx_0_100,1.67,cyclic
delta_capacity_Ah,condition_fold,1,25,C_P3_stress_pulse,0.016062155896889273,0.015017740996948995,0.0010444148999402773,67,0.0,approx_10_90,0.33,cyclic
delta_capacity_Ah,condition_fold,1,29,C_P3_stress_pulse,0.04326395700617154,0.030413230077979154,0.012850726928192387,40,10.0,approx_0_100,0.33,cyclic
delta_capacity_Ah,condition_fold,1,33,C_P3_stress_pulse,0.019998327934598114,0.01794964732384777,0.0020486806107503433,67,10.0,approx_10_100,0.33,cyclic
delta_capacity_Ah,condition_fold,1,46,C_P3_stress_pulse,0.025385309092649706,0.020939251147450728,0.004446057945198978,84,25.0,approx_10_100,0.33,cyclic
delta_capacity_Ah,condition_fold,1,48,C_P3_stress_pulse,0.05750017682540518,0.06610921615818084,-0.00860903933277566,10,25.0,approx_10_100,1.67,cyclic
delta_capacity_Ah,condition_fold,1,50,C_P3_stress_pulse,0.005328812381890939,0.009378871576588585,-0.004050059194697646,84,25.0,approx_10_90,0.33,cyclic
delta_capacity_Ah,condition_fold,1,57,C_P3_stress_pulse,0.07286911696586122,0.0758809882722703,-0.003011871306409078,36,40.0,approx_10_100,0.33,cyclic
delta_capacity_Ah,condition_fold,1,58,C_P3_stress_pulse,0.06542736629200163,0.06151283915101663,0.003914527140985002,38,40.0,approx_10_100,0.33,cyclic
delta_capacity_Ah,condition_fold,1,60,C_P3_stress_pulse,0.11620715938605496,0.12334135775086126,-0.0071341983648063045,16,40.0,approx_10_100,1.67,cyclic
delta_capacity_Ah,condition_fold,1,63,C_P3_stress_pulse,0.03755820141617945,0.025987828291602122,0.01157037312457733,81,40.0,approx_10_90,1.0,cyclic
delta_capacity_Ah,condition_fold,2,1,C_P3_stress_pulse,0.0017241167140257044,0.00532934932205631,-0.0036052326080306058,84,0.0,calendar_soc_10,0.0,calendar
delta_capacity_Ah,condition_fold,2,6,C_P3_stress_pulse,0.0024050273085553945,0.0023555404308414018,4.9486877713992693e-05,84,10.0,calendar_soc_50,0.0,calendar
delta_capacity_Ah,condition_fold,2,9,C_P3_stress_pulse,0.001559549081667333,0.003931643437549093,-0.0023720943558817598,84,25.0,calendar_soc_10,0.0,calendar
delta_capacity_Ah,condition_fold,2,13,C_P3_stress_pulse,0.0017774117138321286,0.007519275939121381,-0.005741864225289253,84,40.0,calendar_soc_10,0.0,calendar
delta_capacity_Ah,condition_fold,2,16,C_P3_stress_pulse,0.004729594049307892,0.04103619027404559,-0.0363065962247377,78,40.0,calendar_soc_100,0.0,calendar
delta_capacity_Ah,condition_fold,2,17,C_P3_stress_pulse,0.05585962198579961,0.05786432538362759,-0.0020047033978279824,24,0.0,approx_0_100,0.33,cyclic
delta_capacity_Ah,condition_fold,2,21,C_P3_stress_pulse,0.025820824879151043,0.025849509798293605,-2.8684919142561716e-05,43,0.0,approx_10_100,0.33,cyclic
delta_capacity_Ah,condition_fold,2,26,C_P3_stress_pulse,0.04923240086096775,0.04734208843293618,0.0018903124280315736,33,0.0,approx_10_90,0.33,cyclic
delta_capacity_Ah,condition_fold,2,27,C_P3_stress_pulse,0.07838956546971484,0.0748430062317617,0.003546559237953148,15,0.0,approx_10_90,1.0,cyclic
delta_capacity_Ah,condition_fold,2,32,C_P3_stress_pulse,0.12792773735762994,0.08067971601501973,0.047248021342610205,6,10.0,approx_0_100,1.67,cyclic
delta_capacity_Ah,condition_fold,2,49,C_P3_stress_pulse,0.005770344047402504,0.0051864169717111075,0.0005839270756913964,84,25.0,approx_10_90,0.33,cyclic
delta_capacity_Ah,condition_fold,2,55,C_P3_stress_pulse,0.041910496945481886,0.04121315731598193,0.0006973396294999573,22,40.0,approx_0_100,1.0,cyclic
delta_capacity_Ah,condition_fold,2,62,C_P3_stress_pulse,0.009094453293430735,0.00606329525482137,0.0030311580386093648,84,40.0,approx_10_90,0.33,cyclic
delta_capacity_Ah,condition_fold,2,66,C_P3_stress_pulse,0.027204453579371613,0.02757372948981513,-0.00036927591044351796,84,0.0,approx_0_100,0.0,profile
delta_capacity_Ah,condition_fold,2,76,C_P3_stress_pulse,0.1009701888362772,0.07748440770028517,0.023485781135992034,83,40.0,approx_0_100,0.0,profile
delta_capacity_Ah,condition_fold,3,7,C_P3_stress_pulse,0.0016127919680784778,0.002164603703858901,-0.0005518117357804233,84,10.0,calendar_soc_90,0.0,calendar
delta_capacity_Ah,condition_fold,3,12,C_P3_stress_pulse,0.013609393721540627,0.011763324230887776,0.0018460694906528505,78,25.0,calendar_soc_100,0.0,calendar
delta_capacity_Ah,condition_fold,3,22,C_P3_stress_pulse,0.06873827745963751,0.05742306291599961,0.011315214543637896,22,0.0,approx_10_100,0.33,cyclic
delta_capacity_Ah,condition_fold,3,28,C_P3_stress_pulse,0.08252593195068497,0.06215147901842877,0.020374452932256204,9,0.0,approx_10_90,1.67,cyclic
delta_capacity_Ah,condition_fold,3,31,C_P3_stress_pulse,0.04025863287916615,0.09712129756371353,-0.05686266468454738,6,10.0,approx_0_100,1.0,cyclic
delta_capacity_Ah,condition_fold,3,35,C_P3_stress_pulse,0.046448766003668866,0.030571029331108997,0.01587773667255987,11,10.0,approx_10_100,1.0,cyclic
delta_capacity_Ah,condition_fold,3,36,C_P3_stress_pulse,0.13758208897562343,0.15598418473313772,-0.01840209575751428,6,10.0,approx_10_100,1.67,cyclic
delta_capacity_Ah,condition_fold,3,41,C_P3_stress_pulse,0.04105483570145523,0.02971908325530479,0.01133575244615044,56,25.0,approx_0_100,0.33,cyclic
delta_capacity_Ah,condition_fold,3,43,C_P3_stress_pulse,0.06726481194741642,0.06338979284234121,0.003875019105075206,12,25.0,approx_0_100,1.0,cyclic
delta_capacity_Ah,condition_fold,3,54,C_P3_stress_pulse,0.04741012803063878,0.03694465855639598,0.010465469474242796,46,40.0,approx_0_100,0.33,cyclic
delta_capacity_Ah,condition_fold,3,56,C_P3_stress_pulse,0.048070064144536705,0.054594370686001634,-0.006524306541464929,13,40.0,approx_0_100,1.67,cyclic
delta_capacity_Ah,condition_fold,3,59,C_P3_stress_pulse,0.08219345919114258,0.06739537081713437,0.014798088374008214,19,40.0,approx_10_100,1.0,cyclic
delta_capacity_Ah,condition_fold,3,67,C_P3_stress_pulse,0.1727610085255454,0.17226636401034504,0.0004946445152003709,15,0.0,approx_0_100,0.0,profile
delta_capacity_Ah,condition_fold,3,71,C_P3_stress_pulse,0.011173806773817898,0.014935649306547076,-0.003761842532729178,84,25.0,approx_0_100,0.0,profile
delta_capacity_Ah,condition_fold,3,74,C_P3_stress_pulse,0.06307205370393242,0.06854283470460282,-0.005470781000670402,48,40.0,approx_0_100,0.0,profile
delta_capacity_Ah,condition_fold,4,2,C_P3_stress_pulse,0.004258141603975727,0.001908122182778866,0.0023500194211968613,84,0.0,calendar_soc_50,0.0,calendar
delta_capacity_Ah,condition_fold,4,4,C_P3_stress_pulse,0.0031004975370217285,0.006504434654328353,-0.003403937117306624,84,0.0,calendar_soc_100,0.0,calendar
delta_capacity_Ah,condition_fold,4,14,C_P3_stress_pulse,0.0033750601905380368,0.00897028574651521,-0.005595225555977174,84,40.0,calendar_soc_50,0.0,calendar
delta_capacity_Ah,condition_fold,4,19,C_P3_stress_pulse,0.07962248729599726,0.06599513840894623,0.013627348887051027,6,0.0,approx_0_100,1.0,cyclic
delta_capacity_Ah,condition_fold,4,23,C_P3_stress_pulse,0.10982069727744405,0.0785792851935712,0.03124141208387285,6,0.0,approx_10_100,1.0,cyclic
delta_capacity_Ah,condition_fold,4,38,C_P3_stress_pulse,0.0210125540763388,0.016482365475510883,0.004530188600827916,60,10.0,approx_10_90,0.33,cyclic
delta_capacity_Ah,condition_fold,4,40,C_P3_stress_pulse,0.06861730368821099,0.06900538201411353,-0.0003880783259025411,15,10.0,approx_10_90,1.67,cyclic
delta_capacity_Ah,condition_fold,4,44,C_P3_stress_pulse,0.07075253247541635,0.07815024961748195,-0.0073977171420655935,6,25.0,approx_0_100,1.67,cyclic
delta_capacity_Ah,condition_fold,4,45,C_P3_stress_pulse,0.022512912647443744,0.019774243878911753,0.002738668768531991,84,25.0,approx_10_100,0.33,cyclic
delta_capacity_Ah,condition_fold,4,47,C_P3_stress_pulse,0.06302496959836823,0.05353401056025507,0.009490959038113159,31,25.0,approx_10_100,1.0,cyclic
delta_capacity_Ah,condition_fold,4,51,C_P3_stress_pulse,0.046574905525196296,0.023946793319201336,0.02262811220599496,63,25.0,approx_10_90,1.0,cyclic
delta_capacity_Ah,condition_fold,4,52,C_P3_stress_pulse,0.08104819194097479,0.058146249796201595,0.022901942144773195,28,25.0,approx_10_90,1.67,cyclic
delta_capacity_Ah,condition_fold,4,53,C_P3_stress_pulse,0.05090924834019581,0.046736681619626234,0.004172566720569579,44,40.0,approx_0_100,0.33,cyclic
delta_capacity_Ah,condition_fold,4,64,C_P3_stress_pulse,0.06642582270926715,0.04545720524310795,0.020968617466159203,38,40.0,approx_10_90,1.67,cyclic
delta_capacity_Ah,condition_fold,4,69,C_P3_stress_pulse,0.011584142528963278,0.012783275313292718,-0.0011991327843294403,84,10.0,approx_0_100,0.0,profile
delta_capacity_Ah,profile_holdout_fold,1,65,C_P0_state_time_pulse,0.17749020768298213,0.10343275682020438,0.07405745086277775,55,0.0,approx_0_100,0.0,profile
delta_capacity_Ah,profile_holdout_fold,1,66,C_P0_state_time_pulse,0.13308189031705983,0.04912264084610609,0.08395924947095373,84,0.0,approx_0_100,0.0,profile
delta_capacity_Ah,profile_holdout_fold,1,67,C_P0_state_time_pulse,0.17124825262562962,0.14664199730244684,0.02460625532318278,15,0.0,approx_0_100,0.0,profile
delta_capacity_Ah,profile_holdout_fold,1,68,C_P0_state_time_pulse,0.1153889312146902,0.06624697809032977,0.04914195312436043,78,10.0,approx_0_100,0.0,profile
delta_capacity_Ah,profile_holdout_fold,1,69,C_P0_state_time_pulse,0.11157021816672423,0.034594026085582076,0.07697619208114215,84,10.0,approx_0_100,0.0,profile
delta_capacity_Ah,profile_holdout_fold,1,70,C_P0_state_time_pulse,0.1366039013371756,0.1388440017725773,-0.0022401004354017096,18,10.0,approx_0_100,0.0,profile
delta_capacity_Ah,profile_holdout_fold,1,71,C_P0_state_time_pulse,0.07301440712436526,0.022550523549131042,0.050463883575234215,84,25.0,approx_0_100,0.0,profile
delta_capacity_Ah,profile_holdout_fold,1,72,C_P0_state_time_pulse,0.07679837656591178,0.03245865931712341,0.044339717248788366,84,25.0,approx_0_100,0.0,profile
delta_capacity_Ah,profile_holdout_fold,1,73,C_P0_state_time_pulse,0.073882623796172,0.047706048618329076,0.02617657517784292,34,25.0,approx_0_100,0.0,profile
delta_capacity_Ah,profile_holdout_fold,1,74,C_P0_state_time_pulse,0.10114139599840287,0.09136018484629771,0.00978121115210516,48,40.0,approx_0_100,0.0,profile
delta_capacity_Ah,profile_holdout_fold,1,75,C_P0_state_time_pulse,0.06293991925794355,0.023311350052470814,0.03962856920547274,84,40.0,approx_0_100,0.0,profile
delta_capacity_Ah,profile_holdout_fold,1,76,C_P0_state_time_pulse,0.07310247291246715,0.02941309917573524,0.0436893737367319,83,40.0,approx_0_100,0.0,profile
delta_capacity_Ah,temperature_holdout_fold,1,1,C_P3_stress_pulse,0.001865331735720423,0.0017035356853557838,0.00016179605036463918,84,0.0,calendar_soc_10,0.0,calendar
delta_capacity_Ah,temperature_holdout_fold,1,2,C_P3_stress_pulse,0.002887252974598388,0.002911959668897181,-2.4706694298793144e-05,84,0.0,calendar_soc_50,0.0,calendar
delta_capacity_Ah,temperature_holdout_fold,1,3,C_P3_stress_pulse,0.002028159396215984,0.0038173852088245375,-0.0017892258126085536,84,0.0,calendar_soc_90,0.0,calendar
delta_capacity_Ah,temperature_holdout_fold,1,4,C_P3_stress_pulse,0.001660878774446487,0.001983419418100334,-0.0003225406436538471,84,0.0,calendar_soc_100,0.0,calendar
delta_capacity_Ah,temperature_holdout_fold,1,17,C_P3_stress_pulse,0.05455996306307903,0.04739435281637575,0.007165610246703279,24,0.0,approx_0_100,0.33,cyclic
delta_capacity_Ah,temperature_holdout_fold,1,18,C_P3_stress_pulse,0.07741103199531023,0.07785618849742842,-0.00044515650211819635,17,0.0,approx_0_100,0.33,cyclic
delta_capacity_Ah,temperature_holdout_fold,1,19,C_P3_stress_pulse,0.03562205586594027,0.08160354930364147,-0.0459814934377012,6,0.0,approx_0_100,1.0,cyclic
delta_capacity_Ah,temperature_holdout_fold,1,20,C_P3_stress_pulse,0.1536147821606306,0.09521327814828169,0.05840150401234891,6,0.0,approx_0_100,1.67,cyclic
delta_capacity_Ah,temperature_holdout_fold,1,21,C_P3_stress_pulse,0.02596268763748399,0.02215922821136251,0.0038034594261214805,43,0.0,approx_10_100,0.33,cyclic
delta_capacity_Ah,temperature_holdout_fold,1,22,C_P3_stress_pulse,0.0900216365963678,0.07652426882188962,0.013497367774478186,22,0.0,approx_10_100,0.33,cyclic
delta_capacity_Ah,temperature_holdout_fold,1,23,C_P3_stress_pulse,0.07323579591345879,0.10767380507172142,-0.03443800915826263,6,0.0,approx_10_100,1.0,cyclic
delta_capacity_Ah,temperature_holdout_fold,1,24,C_P3_stress_pulse,0.10333266600672236,0.05084508789389104,0.05248757811283132,4,0.0,approx_10_100,1.67,cyclic
delta_capacity_Ah,temperature_holdout_fold,1,25,C_P3_stress_pulse,0.017086513541806878,0.012069578464227826,0.005016935077579053,67,0.0,approx_10_90,0.33,cyclic
delta_capacity_Ah,temperature_holdout_fold,1,26,C_P3_stress_pulse,0.05089104882492133,0.047170968023144536,0.0037200808017767914,33,0.0,approx_10_90,0.33,cyclic
delta_capacity_Ah,temperature_holdout_fold,1,27,C_P3_stress_pulse,0.08631760381305896,0.07934702119277622,0.006970582620282745,15,0.0,approx_10_90,1.0,cyclic
delta_capacity_Ah,temperature_holdout_fold,1,28,C_P3_stress_pulse,0.06731637259971168,0.05071749670752947,0.01659887589218221,9,0.0,approx_10_90,1.67,cyclic
delta_capacity_Ah,temperature_holdout_fold,1,65,C_P3_stress_pulse,0.04769283741870866,0.0460228318470526,0.001670005571656058,55,0.0,approx_0_100,0.0,profile
delta_capacity_Ah,temperature_holdout_fold,1,66,C_P3_stress_pulse,0.018913895786675048,0.02196264468321385,-0.003048748896538802,84,0.0,approx_0_100,0.0,profile
delta_capacity_Ah,temperature_holdout_fold,1,67,C_P3_stress_pulse,0.17362464370879896,0.15628200209886692,0.01734264160993204,15,0.0,approx_0_100,0.0,profile
delta_capacity_Ah,temperature_holdout_fold,2,13,C_P3_stress_pulse,0.003985924183955059,0.013472658322330152,-0.009486734138375093,84,40.0,calendar_soc_10,0.0,calendar
delta_capacity_Ah,temperature_holdout_fold,2,14,C_P3_stress_pulse,0.004404774964147195,0.00484311097836706,-0.000438336014219865,84,40.0,calendar_soc_50,0.0,calendar
delta_capacity_Ah,temperature_holdout_fold,2,15,C_P3_stress_pulse,0.013856036500327332,0.011658481685093277,0.0021975548152340547,78,40.0,calendar_soc_90,0.0,calendar
delta_capacity_Ah,temperature_holdout_fold,2,16,C_P3_stress_pulse,0.010129304432040766,0.01223685697847563,-0.002107552546434863,78,40.0,calendar_soc_100,0.0,calendar
delta_capacity_Ah,temperature_holdout_fold,2,53,C_P3_stress_pulse,0.04521042878784725,0.04971510988087515,-0.004504681093027901,44,40.0,approx_0_100,0.33,cyclic
delta_capacity_Ah,temperature_holdout_fold,2,54,C_P3_stress_pulse,0.04318589597729387,0.02229609147640945,0.020889804500884422,46,40.0,approx_0_100,0.33,cyclic
delta_capacity_Ah,temperature_holdout_fold,2,55,C_P3_stress_pulse,0.03247728030832024,0.044320187387023736,-0.011842907078703495,22,40.0,approx_0_100,1.0,cyclic
delta_capacity_Ah,temperature_holdout_fold,2,56,C_P3_stress_pulse,0.0589137855448501,0.06588048845556366,-0.006966702910713558,13,40.0,approx_0_100,1.67,cyclic
delta_capacity_Ah,temperature_holdout_fold,2,57,C_P3_stress_pulse,0.07749745000727942,0.07753927981625777,-4.182980897834976e-05,36,40.0,approx_10_100,0.33,cyclic
delta_capacity_Ah,temperature_holdout_fold,2,58,C_P3_stress_pulse,0.06922728449171033,0.05588577910763091,0.013341505384079418,38,40.0,approx_10_100,0.33,cyclic
delta_capacity_Ah,temperature_holdout_fold,2,59,C_P3_stress_pulse,0.08112558227045083,0.06892644310658175,0.012199139163869083,19,40.0,approx_10_100,1.0,cyclic
delta_capacity_Ah,temperature_holdout_fold,2,60,C_P3_stress_pulse,0.12617242258338138,0.13887626085281463,-0.012703838269433249,16,40.0,approx_10_100,1.67,cyclic
delta_capacity_Ah,temperature_holdout_fold,2,61,C_P3_stress_pulse,0.007609172682966435,0.009307642126569357,-0.001698469443602922,84,40.0,approx_10_90,0.33,cyclic
delta_capacity_Ah,temperature_holdout_fold,2,62,C_P3_stress_pulse,0.014494837324239649,0.011049288203541882,0.003445549120697767,84,40.0,approx_10_90,0.33,cyclic
delta_capacity_Ah,temperature_holdout_fold,2,63,C_P3_stress_pulse,0.028812346278763685,0.05419244507097821,-0.025380098792214523,81,40.0,approx_10_90,1.0,cyclic
delta_capacity_Ah,temperature_holdout_fold,2,64,C_P3_stress_pulse,0.048938307807311815,0.03593521054375374,0.013003097263558076,38,40.0,approx_10_90,1.67,cyclic
delta_capacity_Ah,temperature_holdout_fold,2,74,C_P3_stress_pulse,0.06625097984178265,0.06608068179788398,0.00017029804389866177,48,40.0,approx_0_100,0.0,profile
delta_capacity_Ah,temperature_holdout_fold,2,75,C_P3_stress_pulse,0.011139538105169083,0.01778317985968521,-0.006643641754516129,84,40.0,approx_0_100,0.0,profile
delta_capacity_Ah,temperature_holdout_fold,2,76,C_P3_stress_pulse,0.06459938734935333,0.10962857504149263,-0.0450291876921393,83,40.0,approx_0_100,0.0,profile
delta_capacity_Ah,voltage_window_holdout_fold,1,17,C_P2_log_age_pulse,0.06189142719525184,0.07081453097834553,-0.008923103783093689,24,0.0,approx_0_100,0.33,cyclic
delta_capacity_Ah,voltage_window_holdout_fold,1,18,C_P2_log_age_pulse,0.073067105769636,0.07631530861700656,-0.0032482028473705543,17,0.0,approx_0_100,0.33,cyclic
delta_capacity_Ah,voltage_window_holdout_fold,1,19,C_P2_log_age_pulse,0.06517390693281361,0.05762565819310841,0.0075482487397052,6,0.0,approx_0_100,1.0,cyclic
delta_capacity_Ah,voltage_window_holdout_fold,1,20,C_P2_log_age_pulse,0.2075875014496974,0.2012285656467504,0.006358935802946997,6,0.0,approx_0_100,1.67,cyclic
delta_capacity_Ah,voltage_window_holdout_fold,1,29,C_P2_log_age_pulse,0.07267307681398603,0.0727736229417356,-0.00010054612774956784,40,10.0,approx_0_100,0.33,cyclic
delta_capacity_Ah,voltage_window_holdout_fold,1,30,C_P2_log_age_pulse,0.056503720287457496,0.06142244676971887,-0.004918726482261375,25,10.0,approx_0_100,0.33,cyclic
delta_capacity_Ah,voltage_window_holdout_fold,1,31,C_P2_log_age_pulse,0.12714136952762348,0.14281752130147643,-0.015676151773852953,6,10.0,approx_0_100,1.0,cyclic
delta_capacity_Ah,voltage_window_holdout_fold,1,32,C_P2_log_age_pulse,0.11871604049426232,0.1382372738632898,-0.019521233369027474,6,10.0,approx_0_100,1.67,cyclic
delta_capacity_Ah,voltage_window_holdout_fold,1,41,C_P2_log_age_pulse,0.058743975678701967,0.07000580289593937,-0.011261827217237404,56,25.0,approx_0_100,0.33,cyclic
delta_capacity_Ah,voltage_window_holdout_fold,1,42,C_P2_log_age_pulse,0.051404613548844055,0.06775713589838761,-0.016352522349543555,49,25.0,approx_0_100,0.33,cyclic
delta_capacity_Ah,voltage_window_holdout_fold,1,43,C_P2_log_age_pulse,0.06502987638379122,0.07412338187467528,-0.009093505490884057,12,25.0,approx_0_100,1.0,cyclic
delta_capacity_Ah,voltage_window_holdout_fold,1,44,C_P2_log_age_pulse,0.12376688522375841,0.14548566453491832,-0.02171877931115991,6,25.0,approx_0_100,1.67,cyclic
delta_capacity_Ah,voltage_window_holdout_fold,1,53,C_P2_log_age_pulse,0.0652405523360598,0.0714447068534034,-0.006204154517343602,44,40.0,approx_0_100,0.33,cyclic
delta_capacity_Ah,voltage_window_holdout_fold,1,54,C_P2_log_age_pulse,0.052119477329445385,0.059951163632677884,-0.007831686303232499,46,40.0,approx_0_100,0.33,cyclic
delta_capacity_Ah,voltage_window_holdout_fold,1,55,C_P2_log_age_pulse,0.042335949518172836,0.04386430879661113,-0.0015283592784382932,22,40.0,approx_0_100,1.0,cyclic
delta_capacity_Ah,voltage_window_holdout_fold,1,56,C_P2_log_age_pulse,0.07638758456947915,0.08624957861772507,-0.00986199404824592,13,40.0,approx_0_100,1.67,cyclic
delta_capacity_Ah,voltage_window_holdout_fold,1,65,C_P2_log_age_pulse,0.13204818281811828,0.13131096769036849,0.0007372151277497963,55,0.0,approx_0_100,0.0,profile
delta_capacity_Ah,voltage_window_holdout_fold,1,66,C_P2_log_age_pulse,0.09932768015998861,0.09456915563993282,0.00475852452005579,84,0.0,approx_0_100,0.0,profile
delta_capacity_Ah,voltage_window_holdout_fold,1,67,C_P2_log_age_pulse,0.1607558813143676,0.16598577093585717,-0.00522988962148957,15,0.0,approx_0_100,0.0,profile
delta_capacity_Ah,voltage_window_holdout_fold,1,68,C_P2_log_age_pulse,0.08781057846895658,0.09942393599440284,-0.01161335752544626,78,10.0,approx_0_100,0.0,profile
delta_capacity_Ah,voltage_window_holdout_fold,1,69,C_P2_log_age_pulse,0.0669296442904346,0.06893413656918168,-0.0020044922787470776,84,10.0,approx_0_100,0.0,profile
delta_capacity_Ah,voltage_window_holdout_fold,1,70,C_P2_log_age_pulse,0.10725407047558755,0.1146044876730618,-0.007350417197474257,18,10.0,approx_0_100,0.0,profile
delta_capacity_Ah,voltage_window_holdout_fold,1,71,C_P2_log_age_pulse,0.06765424199901643,0.07049446111029616,-0.0028402191112797265,84,25.0,approx_0_100,0.0,profile
delta_capacity_Ah,voltage_window_holdout_fold,1,72,C_P2_log_age_pulse,0.04898407936959774,0.049454829186169266,-0.00047074981657152515,84,25.0,approx_0_100,0.0,profile
delta_capacity_Ah,voltage_window_holdout_fold,1,73,C_P2_log_age_pulse,0.0537443522658242,0.057696284319947354,-0.003951932054123156,34,25.0,approx_0_100,0.0,profile
delta_capacity_Ah,voltage_window_holdout_fold,1,74,C_P2_log_age_pulse,0.09076941272537226,0.0910204552019649,-0.0002510424765926472,48,40.0,approx_0_100,0.0,profile
delta_capacity_Ah,voltage_window_holdout_fold,1,75,C_P2_log_age_pulse,0.05112832522377834,0.04342432961109436,0.007703995612683978,84,40.0,approx_0_100,0.0,profile
delta_capacity_Ah,voltage_window_holdout_fold,1,76,C_P2_log_age_pulse,0.06589547973576676,0.05376800771314976,0.012127472022616999,83,40.0,approx_0_100,0.0,profile
delta_capacity_Ah,voltage_window_holdout_fold,2,21,C_P2_log_age_pulse,0.03446611781770631,0.03662376584106882,-0.0021576480233625114,43,0.0,approx_10_100,0.33,cyclic
delta_capacity_Ah,voltage_window_holdout_fold,2,22,C_P2_log_age_pulse,0.12335296599406634,0.12648504823800824,-0.0031320822439419027,22,0.0,approx_10_100,0.33,cyclic
delta_capacity_Ah,voltage_window_holdout_fold,2,23,C_P2_log_age_pulse,0.19773433138886368,0.20412149142249536,-0.006387160033631684,6,0.0,approx_10_100,1.0,cyclic
delta_capacity_Ah,voltage_window_holdout_fold,2,24,C_P2_log_age_pulse,0.02404650441507658,0.04133896314495182,-0.01729245872987524,4,0.0,approx_10_100,1.67,cyclic
delta_capacity_Ah,voltage_window_holdout_fold,2,25,C_P2_log_age_pulse,0.12059160281114367,0.12237994674152812,-0.0017883439303844478,67,0.0,approx_10_90,0.33,cyclic
delta_capacity_Ah,voltage_window_holdout_fold,2,26,C_P2_log_age_pulse,0.14679788073472888,0.1521095879807583,-0.005311707246029418,33,0.0,approx_10_90,0.33,cyclic
delta_capacity_Ah,voltage_window_holdout_fold,2,27,C_P2_log_age_pulse,0.14580367005488354,0.15504451683207573,-0.009240846777192196,15,0.0,approx_10_90,1.0,cyclic
delta_capacity_Ah,voltage_window_holdout_fold,2,28,C_P2_log_age_pulse,0.1554607027581948,0.16527547404467724,-0.009814771286482449,9,0.0,approx_10_90,1.67,cyclic
delta_capacity_Ah,voltage_window_holdout_fold,2,33,C_P2_log_age_pulse,0.029340938455606192,0.029006714540127237,0.0003342239154789546,67,10.0,approx_10_100,0.33,cyclic
delta_capacity_Ah,voltage_window_holdout_fold,2,34,C_P2_log_age_pulse,0.04091283273367457,0.04046611086015466,0.00044672187351990633,44,10.0,approx_10_100,0.33,cyclic
delta_capacity_Ah,voltage_window_holdout_fold,2,35,C_P2_log_age_pulse,0.1281676548380223,0.13170882527668742,-0.0035411704386651144,11,10.0,approx_10_100,1.0,cyclic
delta_capacity_Ah,voltage_window_holdout_fold,2,36,C_P2_log_age_pulse,0.2357200692245379,0.23977198634403427,-0.004051917119496373,6,10.0,approx_10_100,1.67,cyclic
delta_capacity_Ah,voltage_window_holdout_fold,2,37,C_P2_log_age_pulse,0.08399919845312764,0.07981495070271317,0.004184247750414469,84,10.0,approx_10_90,0.33,cyclic
delta_capacity_Ah,voltage_window_holdout_fold,2,38,C_P2_log_age_pulse,0.1048247529645988,0.10213137385305211,0.0026933791115466843,60,10.0,approx_10_90,0.33,cyclic
delta_capacity_Ah,voltage_window_holdout_fold,2,39,C_P2_log_age_pulse,0.12429591247276434,0.12619854244698833,-0.001902629974223996,21,10.0,approx_10_90,1.0,cyclic
delta_capacity_Ah,voltage_window_holdout_fold,2,40,C_P2_log_age_pulse,0.15339200850598328,0.15733894928063066,-0.003946940774647384,15,10.0,approx_10_90,1.67,cyclic
delta_capacity_Ah,voltage_window_holdout_fold,2,45,C_P2_log_age_pulse,0.019197569498612274,0.026231919530265452,-0.007034350031653178,84,25.0,approx_10_100,0.33,cyclic
delta_capacity_Ah,voltage_window_holdout_fold,2,46,C_P2_log_age_pulse,0.032407665772693134,0.03277318568157254,-0.00036551990887940394,84,25.0,approx_10_100,0.33,cyclic
delta_capacity_Ah,voltage_window_holdout_fold,2,47,C_P2_log_age_pulse,0.09481382098322173,0.09669070148121237,-0.0018768804979906323,31,25.0,approx_10_100,1.0,cyclic
delta_capacity_Ah,voltage_window_holdout_fold,2,48,C_P2_log_age_pulse,0.1547172379699725,0.1611671756890398,-0.006449937719067295,10,25.0,approx_10_100,1.67,cyclic
delta_capacity_Ah,voltage_window_holdout_fold,2,49,C_P2_log_age_pulse,0.056094514569680266,0.055596726170420406,0.0004977883992598603,84,25.0,approx_10_90,0.33,cyclic
delta_capacity_Ah,voltage_window_holdout_fold,2,50,C_P2_log_age_pulse,0.10642736150109233,0.09999929864022336,0.006428062860868972,84,25.0,approx_10_90,0.33,cyclic
delta_capacity_Ah,voltage_window_holdout_fold,2,51,C_P2_log_age_pulse,0.11063352002609525,0.10053729897983799,0.010096221046257264,63,25.0,approx_10_90,1.0,cyclic
delta_capacity_Ah,voltage_window_holdout_fold,2,52,C_P2_log_age_pulse,0.14973514447552816,0.15869510903372205,-0.008959964558193895,28,25.0,approx_10_90,1.67,cyclic
delta_capacity_Ah,voltage_window_holdout_fold,2,57,C_P2_log_age_pulse,0.08487877615827953,0.08282097788130488,0.002057798276974651,36,40.0,approx_10_100,0.33,cyclic
delta_capacity_Ah,voltage_window_holdout_fold,2,58,C_P2_log_age_pulse,0.07830479782361764,0.07609145678856076,0.0022133410350568816,38,40.0,approx_10_100,0.33,cyclic
delta_capacity_Ah,voltage_window_holdout_fold,2,59,C_P2_log_age_pulse,0.1375353163310839,0.13649802655566776,0.0010372897754161448,19,40.0,approx_10_100,1.0,cyclic
delta_capacity_Ah,voltage_window_holdout_fold,2,60,C_P2_log_age_pulse,0.1849505395651009,0.1981495145627814,-0.013198974997680496,16,40.0,approx_10_100,1.67,cyclic
delta_capacity_Ah,voltage_window_holdout_fold,2,61,C_P2_log_age_pulse,0.03306690423742757,0.029848959633882628,0.0032179446035449435,84,40.0,approx_10_90,0.33,cyclic
delta_capacity_Ah,voltage_window_holdout_fold,2,62,C_P2_log_age_pulse,0.10249408144636982,0.09463639551811708,0.007857685928252742,84,40.0,approx_10_90,0.33,cyclic
delta_capacity_Ah,voltage_window_holdout_fold,2,63,C_P2_log_age_pulse,0.10097394554423934,0.0887280397056014,0.012245905838637938,81,40.0,approx_10_90,1.0,cyclic
delta_capacity_Ah,voltage_window_holdout_fold,2,64,C_P2_log_age_pulse,0.15288082726831262,0.15579535284647444,-0.002914525578161825,38,40.0,approx_10_90,1.67,cyclic
delta_capacity_Ah,voltage_window_holdout_fold,3,1,C_P2_log_age_pulse,0.019773219191921508,0.009961237304950216,0.009811981886971292,84,0.0,calendar_soc_10,0.0,calendar
delta_capacity_Ah,voltage_window_holdout_fold,3,2,C_P2_log_age_pulse,0.01839471837670532,0.022741729265515664,-0.004347010888810343,84,0.0,calendar_soc_50,0.0,calendar
delta_capacity_Ah,voltage_window_holdout_fold,3,3,C_P2_log_age_pulse,0.03099689302876944,0.0069723294178455604,0.02402456361092388,84,0.0,calendar_soc_90,0.0,calendar
delta_capacity_Ah,voltage_window_holdout_fold,3,4,C_P2_log_age_pulse,0.04452321187508914,0.010584942535077798,0.033938269340011346,84,0.0,calendar_soc_100,0.0,calendar
delta_capacity_Ah,voltage_window_holdout_fold,3,5,C_P2_log_age_pulse,0.018234292039441297,0.012595182285954232,0.005639109753487064,84,10.0,calendar_soc_10,0.0,calendar
delta_capacity_Ah,voltage_window_holdout_fold,3,6,C_P2_log_age_pulse,0.017013161026215314,0.018623804527882457,-0.0016106435016671437,84,10.0,calendar_soc_50,0.0,calendar
delta_capacity_Ah,voltage_window_holdout_fold,3,7,C_P2_log_age_pulse,0.03149661385145386,0.008270628372047152,0.023225985479406706,84,10.0,calendar_soc_90,0.0,calendar
delta_capacity_Ah,voltage_window_holdout_fold,3,8,C_P2_log_age_pulse,0.045269058456819805,0.014021325200529169,0.031247733256290634,84,10.0,calendar_soc_100,0.0,calendar
delta_capacity_Ah,voltage_window_holdout_fold,3,9,C_P2_log_age_pulse,0.01742706936327215,0.012674272098497277,0.004752797264774872,84,25.0,calendar_soc_10,0.0,calendar
delta_capacity_Ah,voltage_window_holdout_fold,3,10,C_P2_log_age_pulse,0.019569530219903757,0.012554589990933533,0.007014940228970224,84,25.0,calendar_soc_50,0.0,calendar
delta_capacity_Ah,voltage_window_holdout_fold,3,11,C_P2_log_age_pulse,0.03455883322055762,0.01255910297149131,0.021999730249066308,84,25.0,calendar_soc_90,0.0,calendar
delta_capacity_Ah,voltage_window_holdout_fold,3,12,C_P2_log_age_pulse,0.05250856934666697,0.026309689035006675,0.026198880311660296,78,25.0,calendar_soc_100,0.0,calendar
delta_capacity_Ah,voltage_window_holdout_fold,3,13,C_P2_log_age_pulse,0.018409075813757142,0.013487786067705718,0.004921289746051424,84,40.0,calendar_soc_10,0.0,calendar
delta_capacity_Ah,voltage_window_holdout_fold,3,14,C_P2_log_age_pulse,0.021060797709919334,0.008151678887470449,0.012909118822448886,84,40.0,calendar_soc_50,0.0,calendar
delta_capacity_Ah,voltage_window_holdout_fold,3,15,C_P2_log_age_pulse,0.042045198014843924,0.019540486961516584,0.02250471105332734,78,40.0,calendar_soc_90,0.0,calendar
delta_capacity_Ah,voltage_window_holdout_fold,3,16,C_P2_log_age_pulse,0.053888068170436614,0.022990279159337473,0.03089778901109914,78,40.0,calendar_soc_100,0.0,calendar
