status,method,target,split_name,heldout_fold,parameter_set,nominal_coverage,empirical_coverage,coverage_delta_from_nominal,n_test_rows,n_test_conditions,n_calibration_rows,n_calibration_conditions,mean_interval_width,median_interval_width,interval_score,calibration_source,conformal_radius,replicate_radius,mean_test_replicate_spread,intervals_narrower_than_replicate_spread_fraction,intervals_wider_than_replicate_spread_fraction,condition_level_coverage,worst_condition_coverage
evaluated,Q0_hgb_quantile_raw,capacity_Ah_k1,condition_fold,0,,0.8,0.830568720379147,0.03056872037914693,844,16,0,0,0.18880558619686333,0.14992742512515012,0.277714136954134,model_quantile_outputs,,,,,,0.7982973941324781,0.6190476190476191
evaluated,Q1_split_conformal_abs_residual,capacity_Ah_k1,condition_fold,0,,0.9,0.8744075829383886,-0.025592417061611417,844,16,2983,60,0.14182880612105553,0.14182880612105553,0.3367851350843701,same_split_excluding_test_conditions,0.07091440306052776,,0.04687925473933651,0.0533175355450237,0.9466824644549763,0.7795757627060148,0.29411764705882354
evaluated,Q2_stressor_family_conformal,capacity_Ah_k1,condition_fold,0,,0.9,0.9466824644549763,0.04668246445497626,844,16,7997,60,0.24514530300751722,0.24514530300751702,0.3547985378582227,cross_split_excluding_test_conditions,0.12257265150375862,,0.04687925473933651,0.03672985781990521,0.9632701421800948,0.8913714069543901,0.6470588235294118
evaluated,Q3_replicate_tolerance_hybrid,capacity_Ah_k1,condition_fold,0,,0.9,0.9466824644549763,0.04668246445497626,844,16,7997,60,0.24514530300751722,0.24514530300751702,0.3547985378582227,cross_split_excluding_test_conditions,0.12257265150375862,0.0223040000000001,0.04687925473933651,0.03672985781990521,0.9632701421800948,0.8913714069543901,0.6470588235294118
evaluated,Q0_hgb_quantile_raw,capacity_Ah_k1,condition_fold,1,,0.8,0.7832167832167832,-0.016783216783216814,858,15,0,0,0.1537968726906067,0.1230051310118081,0.2801486532882545,model_quantile_outputs,,,,,,0.7797608137258568,0.5277777777777778
evaluated,Q1_split_conformal_abs_residual,capacity_Ah_k1,condition_fold,1,,0.9,0.9445086705202312,0.04450867052023122,865,15,2962,61,0.15843426156481666,0.15843426156481666,0.3029559470526853,same_split_excluding_test_conditions,0.07921713078240833,,0.053718131791907514,0.09479768786127167,0.9052023121387284,0.8790003235008472,0.5
evaluated,Q2_stressor_family_conformal,capacity_Ah_k1,condition_fold,1,,0.9,0.9676300578034682,0.0676300578034682,865,15,8275,61,0.2540175713511319,0.2540175713511319,0.3583137484338178,cross_split_excluding_test_conditions,0.12700878567556595,,0.053718131791907514,0.05317919075144509,0.9468208092485549,0.9077374105985435,0.5
evaluated,Q3_replicate_tolerance_hybrid,capacity_Ah_k1,condition_fold,1,,0.9,0.9676300578034682,0.0676300578034682,865,15,8275,61,0.2540175713511319,0.2540175713511319,0.3583137484338178,cross_split_excluding_test_conditions,0.12700878567556595,0.022737999999999925,0.053718131791907514,0.05317919075144509,0.9468208092485549,0.9077374105985435,0.5
evaluated,Q0_hgb_quantile_raw,capacity_Ah_k1,condition_fold,2,,0.8,0.7289088863892014,-0.07109111361079867,889,15,0,0,0.1625427070373828,0.14140770985545048,0.25187585108019817,model_quantile_outputs,,,,,,0.6864083661738467,0.16666666666666666
evaluated,Q1_split_conformal_abs_residual,capacity_Ah_k1,condition_fold,2,,0.9,0.9069506726457399,0.006950672645739897,892,15,2935,61,0.15010147405218088,0.15010147405218088,0.3083704335741079,same_split_excluding_test_conditions,0.07505073702609044,,0.04579514686098655,0.04035874439461883,0.9596412556053812,0.8069021459845219,0.16666666666666666
evaluated,Q2_stressor_family_conformal,capacity_Ah_k1,condition_fold,2,,0.9,0.9461883408071748,0.04618834080717482,892,15,7774,61,0.24057284544994406,0.24057284544994406,0.3328756064099923,cross_split_excluding_test_conditions,0.12028642272497203,,0.04579514686098655,0.026905829596412557,0.9730941704035875,0.8903389840445038,0.5
evaluated,Q3_replicate_tolerance_hybrid,capacity_Ah_k1,condition_fold,2,,0.9,0.9461883408071748,0.04618834080717482,892,15,7774,61,0.24057284544994406,0.24057284544994406,0.3328756064099923,cross_split_excluding_test_conditions,0.12028642272497203,0.02159500000000003,0.04579514686098655,0.026905829596412557,0.9730941704035875,0.8903389840445038,0.5
evaluated,Q0_hgb_quantile_raw,capacity_Ah_k1,condition_fold,3,,0.8,0.8094302554027505,0.009430255402750443,509,15,0,0,0.18134716545837776,0.11733434256546582,0.4021557858335368,model_quantile_outputs,,,,,,0.7505440607786145,0.3333333333333333
evaluated,Q1_split_conformal_abs_residual,capacity_Ah_k1,condition_fold,3,,0.9,0.831041257367387,-0.06895874263261303,509,15,3318,61,0.13836911776651248,0.1383691177665125,0.5287776733913875,same_split_excluding_test_conditions,0.06918455888325625,,0.0714899724950884,0.12966601178781925,0.8703339882121808,0.7244620427457956,0.3333333333333333
evaluated,Q2_stressor_family_conformal,capacity_Ah_k1,condition_fold,3,,0.9,0.9056974459724951,0.005697445972495108,509,15,9000,61,0.223511704651985,0.223511704651985,0.5065527352642668,cross_split_excluding_test_conditions,0.1117558523259925,,0.0714899724950884,0.08447937131630648,0.9155206286836935,0.8130641032414487,0.5
evaluated,Q3_replicate_tolerance_hybrid,capacity_Ah_k1,condition_fold,3,,0.9,0.9056974459724951,0.005697445972495108,509,15,9000,61,0.223511704651985,0.223511704651985,0.5065527352642668,cross_split_excluding_test_conditions,0.1117558523259925,0.021633000000000013,0.0714899724950884,0.08447937131630648,0.9155206286836935,0.8130641032414487,0.5
evaluated,Q0_hgb_quantile_raw,capacity_Ah_k1,condition_fold,4,,0.8,0.8426966292134831,0.04269662921348305,712,15,0,0,0.14998190039990664,0.11131487597581602,0.2759466736326465,model_quantile_outputs,,,,,,0.7651291810464607,0.0
evaluated,Q1_split_conformal_abs_residual,capacity_Ah_k1,condition_fold,4,,0.9,0.9205020920502092,0.020502092050209142,717,15,3110,61,0.15231822970488018,0.15231822970488018,0.30995723585146173,same_split_excluding_test_conditions,0.07615911485244009,,0.06450848953974896,0.08647140864714087,0.9135285913528591,0.8047599529942484,0.4666666666666667
evaluated,Q2_stressor_family_conformal,capacity_Ah_k1,condition_fold,4,,0.9,0.9511854951185496,0.05118549511854953,717,15,8414,61,0.24589571166649724,0.24589571166649726,0.34347595830735556,cross_split_excluding_test_conditions,0.12294785583324863,,0.06450848953974896,0.06555090655509066,0.9344490934449093,0.863471680177962,0.5
evaluated,Q3_replicate_tolerance_hybrid,capacity_Ah_k1,condition_fold,4,,0.9,0.9511854951185496,0.05118549511854953,717,15,8414,61,0.24589571166649724,0.24589571166649726,0.34347595830735556,cross_split_excluding_test_conditions,0.12294785583324863,0.021559000000000328,0.06450848953974896,0.06555090655509066,0.9344490934449093,0.863471680177962,0.5
evaluated,Q0_hgb_quantile_raw,capacity_Ah_k1,temperature_holdout_fold,1,,0.8,0.7830188679245284,-0.016981132075471694,742,19,0,0,0.17861824088253858,0.12760216259651247,0.41197442502697657,model_quantile_outputs,,,,,,0.7416618450343733,0.23529411764705882
evaluated,Q1_split_conformal_abs_residual,capacity_Ah_k1,temperature_holdout_fold,1,,0.9,0.9245283018867925,0.024528301886792447,742,19,1060,19,0.23630976984177643,0.23630976984177643,0.4567413553594036,same_split_excluding_test_conditions,0.11815488492088821,,0.05308297708894879,0.0444743935309973,0.9555256064690026,0.7776260189608346,0.5
evaluated,Q2_stressor_family_conformal,capacity_Ah_k1,temperature_holdout_fold,1,,0.9,0.921832884097035,0.021832884097034988,742,19,7966,57,0.22948455274839485,0.22948455274839485,0.45517265942037194,cross_split_excluding_test_conditions,0.11474227637419743,,0.05308297708894879,0.0444743935309973,0.9555256064690026,0.7710212717988119,0.5
evaluated,Q3_replicate_tolerance_hybrid,capacity_Ah_k1,temperature_holdout_fold,1,,0.9,0.921832884097035,0.021832884097034988,742,19,7966,57,0.22948455274839485,0.22948455274839485,0.45517265942037194,cross_split_excluding_test_conditions,0.11474227637419743,0.021452000000000027,0.05308297708894879,0.0444743935309973,0.9555256064690026,0.7710212717988119,0.5
evaluated,Q0_hgb_quantile_raw,capacity_Ah_k1,temperature_holdout_fold,2,,0.8,0.6801152737752162,-0.11988472622478386,1041,19,0,0,0.14281667373668855,0.08637155356429949,0.40113264229419615,model_quantile_outputs,,,,,,0.6937773210073482,0.4857142857142857
evaluated,Q1_split_conformal_abs_residual,capacity_Ah_k1,temperature_holdout_fold,2,,0.9,0.8716981132075472,-0.028301886792452824,1060,19,742,19,0.1840870291644654,0.1840870291644654,0.4800252551318274,same_split_excluding_test_conditions,0.0920435145822327,,0.06674021226415094,0.08679245283018867,0.9132075471698113,0.8117506764086942,0.23076923076923078
evaluated,Q2_stressor_family_conformal,capacity_Ah_k1,temperature_holdout_fold,2,,0.9,0.9047169811320754,0.004716981132075415,1060,19,6903,57,0.24201636386957492,0.24201636386957492,0.47188550826342873,cross_split_excluding_test_conditions,0.12100818193478746,,0.06674021226415094,0.06415094339622641,0.9358490566037736,0.8614653909166899,0.46153846153846156
evaluated,Q3_replicate_tolerance_hybrid,capacity_Ah_k1,temperature_holdout_fold,2,,0.9,0.9047169811320754,0.004716981132075415,1060,19,6903,57,0.24201636386957492,0.24201636386957492,0.47188550826342873,cross_split_excluding_test_conditions,0.12100818193478746,0.022729,0.06674021226415094,0.06415094339622641,0.9358490566037736,0.8614653909166899,0.46153846153846156
evaluated,Q0_hgb_quantile_raw,capacity_Ah_k1,c_rate_holdout_fold,1,,0.8,0.7515923566878981,-0.0484076433121019,157,12,0,0,0.298217351678304,0.22678300757450298,0.9753920477017423,model_quantile_outputs,,,,,,0.6455450190647559,0.0
insufficient,Q1_split_conformal_abs_residual,capacity_Ah_k1,c_rate_holdout_fold,1,,0.9,,,0,0,0,0,,,,not_enough_disjoint_calibration_conditions,,,,,,,
evaluated,Q2_stressor_family_conformal,capacity_Ah_k1,c_rate_holdout_fold,1,,0.9,0.7197452229299363,-0.18025477707006377,157,12,9808,64,0.22104851935066705,0.22104851935066705,1.021004660032774,cross_split_excluding_test_conditions,0.11052425967533352,,0.1694681337579618,0.24203821656050956,0.7579617834394905,0.5618286501510186,0.0
evaluated,Q3_replicate_tolerance_hybrid,capacity_Ah_k1,c_rate_holdout_fold,1,,0.9,0.7197452229299363,-0.18025477707006377,157,12,9808,64,0.22104851935066705,0.22104851935066705,1.021004660032774,cross_split_excluding_test_conditions,0.11052425967533352,0.021633000000000013,0.1694681337579618,0.24203821656050956,0.7579617834394905,0.5618286501510186,0.0
evaluated,Q0_hgb_quantile_raw,capacity_Ah_k1,profile_holdout_fold,1,,0.8,0.8882978723404256,0.08829787234042552,752,12,0,0,0.2868138655708062,0.25350108665335047,0.4398818922980706,model_quantile_outputs,,,,,,0.8249347331049138,0.26666666666666666
insufficient,Q1_split_conformal_abs_residual,capacity_Ah_k1,profile_holdout_fold,1,,0.9,,,0,0,0,0,,,,not_enough_disjoint_calibration_conditions,,,,,,,
evaluated,Q2_stressor_family_conformal,capacity_Ah_k1,profile_holdout_fold,1,,0.9,0.8231382978723404,-0.07686170212765964,752,12,7740,64,0.2255804087390851,0.22558040873908514,0.5110892887548926,cross_split_excluding_test_conditions,0.11279020436954257,,0.06415613829787233,0.0678191489361702,0.9321808510638298,0.776543035277975,0.4
evaluated,Q3_replicate_tolerance_hybrid,capacity_Ah_k1,profile_holdout_fold,1,,0.9,0.8231382978723404,-0.07686170212765964,752,12,7740,64,0.2255804087390851,0.22558040873908514,0.5110892887548926,cross_split_excluding_test_conditions,0.11279020436954257,0.021107999999999905,0.06415613829787233,0.0678191489361702,0.9321808510638298,0.776543035277975,0.4
evaluated,Q0_hgb_quantile_raw,capacity_Ah_k1,voltage_window_holdout_fold,1,,0.8,0.8699115044247787,0.06991150442477867,1130,28,0,0,0.30861380476839934,0.2727175935524604,0.48057113153198966,model_quantile_outputs,,,,,,0.7761643541964663,0.0
evaluated,Q1_split_conformal_abs_residual,capacity_Ah_k1,voltage_window_holdout_fold,1,,0.9,0.7230088495575221,-0.17699115044247793,1130,28,2697,48,0.2174897672955618,0.2174897672955618,0.7562593188741662,same_split_excluding_test_conditions,0.1087448836477809,,0.06603466637168141,0.07876106194690266,0.9212389380530973,0.5646566175557682,0.0
evaluated,Q2_stressor_family_conformal,capacity_Ah_k1,voltage_window_holdout_fold,1,,0.9,0.6141592920353982,-0.2858407079646018,1130,28,6775,48,0.16215863809730013,0.16215863809730013,0.8834542048845576,cross_split_excluding_test_conditions,0.08107931904865007,,0.06603466637168141,0.09380530973451327,0.9061946902654867,0.4509725608302196,0.0
evaluated,Q3_replicate_tolerance_hybrid,capacity_Ah_k1,voltage_window_holdout_fold,1,,0.9,0.6141592920353982,-0.2858407079646018,1130,28,6775,48,0.16215863809730013,0.16215863809730013,0.8834542048845576,cross_split_excluding_test_conditions,0.08107931904865007,0.020683000000000007,0.06603466637168141,0.09380530973451327,0.9061946902654867,0.4509725608302196,0.0
evaluated,Q0_hgb_quantile_raw,capacity_Ah_k1,voltage_window_holdout_fold,2,,0.8,0.7359591539022611,-0.06404084609773897,1371,32,0,0,0.25455614604291915,0.21642942117180342,0.5730821164358213,model_quantile_outputs,,,,,,0.6889633104071534,0.3333333333333333
evaluated,Q1_split_conformal_abs_residual,capacity_Ah_k1,voltage_window_holdout_fold,2,,0.9,0.9153902261123268,0.015390226112326766,1371,32,2456,44,0.30389336601780137,0.30389336601780137,0.5211239547603205,same_split_excluding_test_conditions,0.15194668300890068,,0.07450677607585705,0.06272793581327499,0.937272064186725,0.8084357777988945,0.16666666666666666
evaluated,Q2_stressor_family_conformal,capacity_Ah_k1,voltage_window_holdout_fold,2,,0.9,0.8811086797957695,-0.018891320204230566,1371,32,6902,44,0.24274585428654527,0.24274585428654527,0.5226999869409722,cross_split_excluding_test_conditions,0.12137292714327264,,0.07450677607585705,0.0824215900802334,0.9175784099197666,0.755804388306851,0.16666666666666666
evaluated,Q3_replicate_tolerance_hybrid,capacity_Ah_k1,voltage_window_holdout_fold,2,,0.9,0.8811086797957695,-0.018891320204230566,1371,32,6902,44,0.24274585428654527,0.24274585428654527,0.5226999869409722,cross_split_excluding_test_conditions,0.12137292714327264,0.021361000000000185,0.07450677607585705,0.0824215900802334,0.9175784099197666,0.755804388306851,0.16666666666666666
evaluated,Q0_hgb_quantile_raw,capacity_Ah_k1,voltage_window_holdout_fold,3,,0.8,0.0,-0.8,1145,16,0,0,0.2399513827071396,0.23699891137488738,1.592426986057703,model_quantile_outputs,,,,,,0.0,0.0
evaluated,Q1_split_conformal_abs_residual,capacity_Ah_k1,voltage_window_holdout_fold,3,,0.9,0.9811463046757164,0.08114630467571637,1326,16,2501,60,0.3500110546853108,0.3500110546853108,0.3642544678591141,same_split_excluding_test_conditions,0.1750055273426554,,0.024701784313725484,0.0,1.0,0.9813415750915752,0.9404761904761905
evaluated,Q2_stressor_family_conformal,capacity_Ah_k1,voltage_window_holdout_fold,3,,0.9,0.9600301659125189,0.06003016591251886,1326,16,7053,60,0.29256779893620966,0.29256779893620966,0.3251673575624308,cross_split_excluding_test_conditions,0.14628389946810483,,0.024701784313725484,0.0,1.0,0.9603365384615384,0.9285714285714286
evaluated,Q3_replicate_tolerance_hybrid,capacity_Ah_k1,voltage_window_holdout_fold,3,,0.9,0.9600301659125189,0.06003016591251886,1326,16,7053,60,0.29256779893620966,0.29256779893620966,0.3251673575624308,cross_split_excluding_test_conditions,0.14628389946810483,0.02524000000000015,0.024701784313725484,0.0,1.0,0.9603365384615384,0.9285714285714286
evaluated,Q0_hgb_quantile_raw,delta_capacity_Ah,condition_fold,0,,0.8,0.6481042654028436,-0.15189573459715644,844,16,0,0,0.06045843114161132,0.025978829237869126,0.19719812808836393,model_quantile_outputs,,,,,,0.6373938882079638,0.39285714285714285
evaluated,Q1_split_conformal_abs_residual,delta_capacity_Ah,condition_fold,0,,0.9,0.9253554502369669,0.025355450236966837,844,16,2983,60,0.13089994589532616,0.13089994589532616,0.25326746411504525,same_split_excluding_test_conditions,0.06544997294766308,,0.02324118838862559,0.04383886255924171,0.9561611374407583,0.8508525047548157,0.5294117647058824
evaluated,Q2_stressor_family_conformal,delta_capacity_Ah,condition_fold,0,,0.9,0.9727488151658767,0.07274881516587672,844,16,7997,60,0.24197797346785763,0.2419779734678576,0.31660194226520083,cross_split_excluding_test_conditions,0.1209889867339288,,0.02324118838862559,0.013033175355450236,0.9869668246445498,0.9314932657212069,0.75
evaluated,Q3_replicate_tolerance_hybrid,delta_capacity_Ah,condition_fold,0,,0.9,0.9727488151658767,0.07274881516587672,844,16,7997,60,0.24197797346785763,0.2419779734678576,0.31660194226520083,cross_split_excluding_test_conditions,0.1209889867339288,0.0027770000000004735,0.02324118838862559,0.013033175355450236,0.9869668246445498,0.9314932657212069,0.75
evaluated,Q0_hgb_quantile_raw,delta_capacity_Ah,condition_fold,1,,0.8,0.6995359628770301,-0.10046403712296992,862,15,0,0,0.05146907174288203,0.01745898902886629,0.18219602955334704,model_quantile_outputs,,,,,,0.6891539364049672,0.23809523809523808
evaluated,Q1_split_conformal_abs_residual,delta_capacity_Ah,condition_fold,1,,0.9,0.9260115606936417,0.026011560693641633,865,15,2962,61,0.13094016078740975,0.13094016078740975,0.2931051554270299,same_split_excluding_test_conditions,0.06547008039370487,,0.0252327387283237,0.046242774566473986,0.953757225433526,0.8255934162382186,0.0
evaluated,Q2_stressor_family_conformal,delta_capacity_Ah,condition_fold,1,,0.9,0.9641618497109826,0.0641618497109826,865,15,8275,61,0.2452871652674805,0.2452871652674805,0.35035089857603335,cross_split_excluding_test_conditions,0.12264358263374026,,0.0252327387283237,0.021965317919075144,0.9780346820809248,0.8686207145374031,0.0
evaluated,Q3_replicate_tolerance_hybrid,delta_capacity_Ah,condition_fold,1,,0.9,0.9641618497109826,0.0641618497109826,865,15,8275,61,0.2452871652674805,0.2452871652674805,0.35035089857603335,cross_split_excluding_test_conditions,0.12264358263374026,0.003522999999999943,0.0252327387283237,0.021965317919075144,0.9780346820809248,0.8686207145374031,0.0
evaluated,Q0_hgb_quantile_raw,delta_capacity_Ah,condition_fold,2,,0.8,0.7477578475336323,-0.052242152466367764,892,15,0,0,0.058168726133863924,0.015465218441850432,0.1303860251021752,model_quantile_outputs,,,,,,0.7121023990175013,0.2976190476190476
evaluated,Q1_split_conformal_abs_residual,delta_capacity_Ah,condition_fold,2,,0.9,0.9035874439461884,0.0035874439461883734,892,15,2935,61,0.1266322633019134,0.1266322633019134,0.278404260463462,same_split_excluding_test_conditions,0.0633161316509567,,0.0162098677130045,0.03699551569506727,0.9630044843049327,0.8113959350944502,0.0
evaluated,Q2_stressor_family_conformal,delta_capacity_Ah,condition_fold,2,,0.9,0.9562780269058296,0.056278026905829615,892,15,7774,61,0.2459693609584818,0.24596936095848182,0.3148661623138756,cross_split_excluding_test_conditions,0.12298468047924091,,0.0162098677130045,0.013452914798206279,0.9865470852017937,0.9192260211691425,0.6666666666666666
evaluated,Q3_replicate_tolerance_hybrid,delta_capacity_Ah,condition_fold,2,,0.9,0.9562780269058296,0.056278026905829615,892,15,7774,61,0.2459693609584818,0.24596936095848182,0.3148661623138756,cross_split_excluding_test_conditions,0.12298468047924091,0.003429999999999822,0.0162098677130045,0.013452914798206279,0.9865470852017937,0.9192260211691425,0.6666666666666666
evaluated,Q0_hgb_quantile_raw,delta_capacity_Ah,condition_fold,3,,0.8,0.7326732673267327,-0.06732673267326739,505,15,0,0,0.09743083861754594,0.03458073360082016,0.3452139873650787,model_quantile_outputs,,,,,,0.6816548063001152,0.26666666666666666
evaluated,Q1_split_conformal_abs_residual,delta_capacity_Ah,condition_fold,3,,0.9,0.8349705304518664,-0.0650294695481336,509,15,3318,61,0.12096650131556456,0.12096650131556456,0.4442497890214442,same_split_excluding_test_conditions,0.06048325065778228,,0.04060471709233791,0.0825147347740668,0.9174852652259332,0.7144589944761569,0.3333333333333333
evaluated,Q2_stressor_family_conformal,delta_capacity_Ah,condition_fold,3,,0.9,0.9115913555992141,0.011591355599214093,509,15,9000,61,0.22863061951085561,0.22863061951085561,0.43606205521965125,cross_split_excluding_test_conditions,0.11431530975542781,,0.04060471709233791,0.04911591355599214,0.9508840864440079,0.8198913460469525,0.4
evaluated,Q3_replicate_tolerance_hybrid,delta_capacity_Ah,condition_fold,3,,0.9,0.9115913555992141,0.011591355599214093,509,15,9000,61,0.22863061951085561,0.22863061951085561,0.43606205521965125,cross_split_excluding_test_conditions,0.11431530975542781,0.002775000000000194,0.04060471709233791,0.04911591355599214,0.9508840864440079,0.8198913460469525,0.4
evaluated,Q0_hgb_quantile_raw,delta_capacity_Ah,condition_fold,4,,0.8,0.6731843575418994,-0.12681564245810062,716,15,0,0,0.0735011147428255,0.02456467674850988,0.15716600277888718,model_quantile_outputs,,,,,,0.6972785490246165,0.2619047619047619
evaluated,Q1_split_conformal_abs_residual,delta_capacity_Ah,condition_fold,4,,0.9,0.8702928870292888,-0.02970711297071127,717,15,3110,61,0.12267987756253437,0.12267987756253437,0.29216513288049095,same_split_excluding_test_conditions,0.061339938781267186,,0.028501640167364017,0.061366806136680614,0.9386331938633193,0.7577865321498598,0.4666666666666667
evaluated,Q2_stressor_family_conformal,delta_capacity_Ah,condition_fold,4,,0.9,0.9539748953974896,0.053974895397489564,717,15,8414,61,0.24094497888043245,0.24094497888043248,0.32217880995087805,cross_split_excluding_test_conditions,0.12047248944021624,,0.028501640167364017,0.040446304044630406,0.9595536959553695,0.8919655525258242,0.5
evaluated,Q3_replicate_tolerance_hybrid,delta_capacity_Ah,condition_fold,4,,0.9,0.9539748953974896,0.053974895397489564,717,15,8414,61,0.24094497888043245,0.24094497888043248,0.32217880995087805,cross_split_excluding_test_conditions,0.12047248944021624,0.0031839999999996316,0.028501640167364017,0.040446304044630406,0.9595536959553695,0.8919655525258242,0.5
evaluated,Q0_hgb_quantile_raw,delta_capacity_Ah,temperature_holdout_fold,1,,0.8,0.6671159029649596,-0.13288409703504045,742,19,0,0,0.06728369079254944,0.020843499810006383,0.34334676643428813,model_quantile_outputs,,,,,,0.5951469641974207,0.22727272727272727
evaluated,Q1_split_conformal_abs_residual,delta_capacity_Ah,temperature_holdout_fold,1,,0.9,0.9016172506738545,0.0016172506738544312,742,19,1060,19,0.13134124204007858,0.13134124204007858,0.3835903676550686,same_split_excluding_test_conditions,0.06567062102003929,,0.02540761320754719,0.05256064690026954,0.9474393530997305,0.7490676878229091,0.0
evaluated,Q2_stressor_family_conformal,delta_capacity_Ah,temperature_holdout_fold,1,,0.9,0.931266846361186,0.03126684636118593,742,19,7966,57,0.22070041842251087,0.22070041842251087,0.40031545870468704,cross_split_excluding_test_conditions,0.11035020921125543,,0.02540761320754719,0.02425876010781671,0.9757412398921833,0.8203810873098982,0.0
evaluated,Q3_replicate_tolerance_hybrid,delta_capacity_Ah,temperature_holdout_fold,1,,0.9,0.931266846361186,0.03126684636118593,742,19,7966,57,0.22070041842251087,0.22070041842251087,0.40031545870468704,cross_split_excluding_test_conditions,0.11035020921125543,0.0034689999999995003,0.02540761320754719,0.02425876010781671,0.9757412398921833,0.8203810873098982,0.0
evaluated,Q0_hgb_quantile_raw,delta_capacity_Ah,temperature_holdout_fold,2,,0.8,0.8764150943396226,0.07641509433962257,1060,19,0,0,0.08449198828268084,0.05133695952149589,0.24918477453804852,model_quantile_outputs,,,,,,0.851978266940295,0.6041666666666666
evaluated,Q1_split_conformal_abs_residual,delta_capacity_Ah,temperature_holdout_fold,2,,0.9,0.9,0.0,1060,19,742,19,0.13028871550772553,0.13028871550772553,0.35941993018370905,same_split_excluding_test_conditions,0.06514435775386276,,0.03411090377358491,0.05,0.95,0.8588922540917442,0.631578947368421
evaluated,Q2_stressor_family_conformal,delta_capacity_Ah,temperature_holdout_fold,2,,0.9,0.9547169811320755,0.05471698113207546,1060,19,6903,57,0.24846221668681628,0.24846221668681628,0.39726317119795007,cross_split_excluding_test_conditions,0.12423110834340814,,0.03411090377358491,0.03679245283018868,0.9632075471698113,0.9295320982663814,0.6875
evaluated,Q3_replicate_tolerance_hybrid,delta_capacity_Ah,temperature_holdout_fold,2,,0.9,0.9547169811320755,0.05471698113207546,1060,19,6903,57,0.24846221668681628,0.24846221668681628,0.39726317119795007,cross_split_excluding_test_conditions,0.12423110834340814,0.0023480000000000167,0.03411090377358491,0.03679245283018868,0.9632075471698113,0.9295320982663814,0.6875
evaluated,Q0_hgb_quantile_raw,delta_capacity_Ah,c_rate_holdout_fold,1,,0.8,0.6242038216560509,-0.17579617834394912,157,12,0,0,0.22538903375363767,0.1803304533212988,0.9831252669650133,model_quantile_outputs,,,,,,0.52847282468993,0.0
insufficient,Q1_split_conformal_abs_residual,delta_capacity_Ah,c_rate_holdout_fold,1,,0.9,,,0,0,0,0,,,,not_enough_disjoint_calibration_conditions,,,,,,,
evaluated,Q2_stressor_family_conformal,delta_capacity_Ah,c_rate_holdout_fold,1,,0.9,0.7261146496815286,-0.1738853503184714,157,12,9808,64,0.21993106505577897,0.219931065055779,0.7680145619301059,cross_split_excluding_test_conditions,0.1099655325278895,,0.12723773885350323,0.20382165605095542,0.7961783439490446,0.606638859434912,0.0
evaluated,Q3_replicate_tolerance_hybrid,delta_capacity_Ah,c_rate_holdout_fold,1,,0.9,0.7261146496815286,-0.1738853503184714,157,12,9808,64,0.21993106505577897,0.219931065055779,0.7680145619301059,cross_split_excluding_test_conditions,0.1099655325278895,0.0028140000000003162,0.12723773885350323,0.20382165605095542,0.7961783439490446,0.606638859434912,0.0
evaluated,Q0_hgb_quantile_raw,delta_capacity_Ah,profile_holdout_fold,1,,0.8,0.5093085106382979,-0.2906914893617022,752,12,0,0,0.15355608938678447,0.13885916457483993,0.34338490042641306,model_quantile_outputs,,,,,,0.5351111878973325,0.2857142857142857
insufficient,Q1_split_conformal_abs_residual,delta_capacity_Ah,profile_holdout_fold,1,,0.9,,,0,0,0,0,,,,not_enough_disjoint_calibration_conditions,,,,,,,
evaluated,Q2_stressor_family_conformal,delta_capacity_Ah,profile_holdout_fold,1,,0.9,0.6595744680851063,-0.2404255319148937,752,12,7740,64,0.2101674960562673,0.21016749605626728,0.8572681069071091,cross_split_excluding_test_conditions,0.10508374802813364,,0.03306518218085108,0.03324468085106383,0.9667553191489362,0.6156978772566122,0.26666666666666666
evaluated,Q3_replicate_tolerance_hybrid,delta_capacity_Ah,profile_holdout_fold,1,,0.9,0.6595744680851063,-0.2404255319148937,752,12,7740,64,0.2101674960562673,0.21016749605626728,0.8572681069071091,cross_split_excluding_test_conditions,0.10508374802813364,0.0023840000000001638,0.03306518218085108,0.03324468085106383,0.9667553191489362,0.6156978772566122,0.26666666666666666
evaluated,Q0_hgb_quantile_raw,delta_capacity_Ah,voltage_window_holdout_fold,1,,0.8,0.50177304964539,-0.29822695035461,1128,28,0,0,0.1333783199454623,0.07508329536803786,0.4376864400708156,model_quantile_outputs,,,,,,0.4653913497882594,0.0
evaluated,Q1_split_conformal_abs_residual,delta_capacity_Ah,voltage_window_holdout_fold,1,,0.9,0.8716814159292036,-0.02831858407079646,1130,28,2697,48,0.26187208326598144,0.26187208326598144,0.44493769093829383,same_split_excluding_test_conditions,0.13093604163299072,,0.037082424778761086,0.03008849557522124,0.9699115044247788,0.8272308936323698,0.0
evaluated,Q2_stressor_family_conformal,delta_capacity_Ah,voltage_window_holdout_fold,1,,0.9,0.7646017699115044,-0.1353982300884956,1130,28,6775,48,0.2010211792019794,0.2010211792019794,0.4903326822524139,cross_split_excluding_test_conditions,0.1005105896009897,,0.037082424778761086,0.04070796460176991,0.95929203539823,0.6849266122321777,0.0
evaluated,Q3_replicate_tolerance_hybrid,delta_capacity_Ah,voltage_window_holdout_fold,1,,0.9,0.7646017699115044,-0.1353982300884956,1130,28,6775,48,0.2010211792019794,0.2010211792019794,0.4903326822524139,cross_split_excluding_test_conditions,0.1005105896009897,0.001965999999999468,0.037082424778761086,0.04070796460176991,0.95929203539823,0.6849266122321777,0.0
evaluated,Q0_hgb_quantile_raw,delta_capacity_Ah,voltage_window_holdout_fold,2,,0.8,0.6965718453683443,-0.10342815463165578,1371,32,0,0,0.1423816764302115,0.09717637066615523,0.343702280118401,model_quantile_outputs,,,,,,0.7419361788868291,0.16666666666666666
evaluated,Q1_split_conformal_abs_residual,delta_capacity_Ah,voltage_window_holdout_fold,2,,0.9,0.687089715536105,-0.21291028446389504,1371,32,2456,44,0.20871590335925472,0.20871590335925472,0.616974488266058,same_split_excluding_test_conditions,0.10435795167962736,,0.037259913931436885,0.05105762217359591,0.9489423778264041,0.5705253405206804,0.0
evaluated,Q2_stressor_family_conformal,delta_capacity_Ah,voltage_window_holdout_fold,2,,0.9,0.6805251641137856,-0.21947483588621441,1371,32,6902,44,0.20689409287457275,0.20689409287457272,0.6209151344289106,cross_split_excluding_test_conditions,0.10344704643728636,,0.037259913931436885,0.05105762217359591,0.9489423778264041,0.5661811467028024,0.0
evaluated,Q3_replicate_tolerance_hybrid,delta_capacity_Ah,voltage_window_holdout_fold,2,,0.9,0.6805251641137856,-0.21947483588621441,1371,32,6902,44,0.20689409287457275,0.20689409287457272,0.6209151344289106,cross_split_excluding_test_conditions,0.10344704643728636,0.0027770000000004735,0.037259913931436885,0.05105762217359591,0.9489423778264041,0.5661811467028024,0.0
evaluated,Q0_hgb_quantile_raw,delta_capacity_Ah,voltage_window_holdout_fold,3,,0.8,0.15987933634992457,-0.6401206636500755,1326,16,0,0,0.06779296716358403,0.0694256058958175,0.21650150306030339,model_quantile_outputs,,,,,,0.1658653846153846,0.0
evaluated,Q1_split_conformal_abs_residual,delta_capacity_Ah,voltage_window_holdout_fold,3,,0.9,1.0,0.09999999999999998,1326,16,2501,60,0.31553502473843253,0.31553502473843253,0.31553502473843253,same_split_excluding_test_conditions,0.15776751236921627,,0.0030302254901960887,0.0,1.0,1.0,1.0
evaluated,Q2_stressor_family_conformal,delta_capacity_Ah,voltage_window_holdout_fold,3,,0.9,1.0,0.09999999999999998,1326,16,7053,60,0.2968231717195871,0.2968231717195871,0.2968231717195871,cross_split_excluding_test_conditions,0.14841158585979355,,0.0030302254901960887,0.0,1.0,1.0,1.0
evaluated,Q3_replicate_tolerance_hybrid,delta_capacity_Ah,voltage_window_holdout_fold,3,,0.9,1.0,0.09999999999999998,1326,16,7053,60,0.2968231717195871,0.2968231717195871,0.2968231717195871,cross_split_excluding_test_conditions,0.14841158585979355,0.005794000000000299,0.0030302254901960887,0.0,1.0,1.0,1.0
